Tauu_x,Tauu_y,Tauu_z,Fu
-0.220721,0.221155,0.000248323,13.163
-0.00236866,0.00237332,2.66487e-06,12.6892
-0.00146753,0.00147086,1.25986e-06,12.2363
-0.00055117,0.000553151,-1.37533e-07,11.8034
0.000376655,-0.000376005,-1.54065e-06,11.3893
0.00131419,-0.00131504,-2.9648e-06,10.9931
0.00225867,-0.00226068,-4.34015e-06,10.6139
0.00320653,-0.00321011,-5.71849e-06,10.2509
0.00415497,-0.00415993,-7.07809e-06,9.90321
0.00510005,-0.00510632,-8.38916e-06,9.57018
0.00603734,-0.0060451,-9.67845e-06,9.25114
0.00696323,-0.00697233,-1.09152e-05,8.94549
0.00787306,-0.00788345,-1.21083e-05,8.65265
0.0087616,-0.00877357,-1.32438e-05,8.37212
0.00962465,-0.00963782,-1.43024e-05,8.10342
0.0104568,-0.0104712,-1.53014e-05,7.84609
0.0112526,-0.0112686,-1.62308e-05,7.59974
0.0120079,-0.0120251,-1.70715e-05,7.36398
0.0127174,-0.0127357,-1.78407e-05,7.13846
0.0133758,-0.0133954,-1.85167e-05,6.92283
0.0139796,-0.0140004,-1.90861e-05,6.71679
0.014523,-0.0145449,-1.95702e-05,6.52002
0.0150034,-0.0150262,-1.99909e-05,6.33224
0.0154165,-0.0154402,-2.02968e-05,6.15315
0.0157593,-0.015784,-2.04968e-05,5.9825
0.016029,-0.0160544,-2.06271e-05,5.81999
0.0162237,-0.0162497,-2.06742e-05,5.66536
0.0163407,-0.0163673,-2.05976e-05,5.51834
0.0163804,-0.0164072,-2.05034e-05,5.37866
0.0163411,-0.0163685,-2.02206e-05,5.24604
0.0162223,-0.0162498,-1.99602e-05,5.12021
0.016026,-0.0160533,-1.96365e-05,5.00089
0.0157518,-0.015779,-1.91704e-05,4.8878
0.0154018,-0.0154286,-1.87244e-05,4.78065
0.0149775,-0.0150041,-1.81275e-05,4.67916
0.0144815,-0.0145072,-1.75745e-05,4.58304
0.0139186,-0.0139434,-1.69821e-05,4.49201
0.0132885,-0.0133126,-1.62035e-05,4.40579
0.0125973,-0.0126203,-1.55055e-05,4.32409
0.0118486,-0.0118702,-1.47854e-05,4.24664
0.0110478,-0.0110681,-1.39733e-05,4.17317
0.0101994,-0.0102183,-1.31267e-05,4.10341
0.00929278,-0.00930936,-1.24273e-05,4.03712
0.00836816,-0.00838328,-1.14957e-05,3.97404
0.00739858,-0.00741186,-1.06072e-05,3.91394
0.00639813,-0.00640915,-9.75769e-06,3.85661
0.00537611,-0.0053852,-8.81633e-06,3.80184
0.00433428,-0.00434091,-7.96265e-06,3.74944
0.00327751,-0.00328217,-6.97932e-06,3.69923
0.00221124,-0.00221348,-6.07989e-06,3.65106
0.0011429,-0.0011426,-5.16415e-06,3.60479
7.50827e-05,-7.26508e-05,-4.18777e-06,3.56028
-0.000986205,0.000990931,-3.23982e-06,3.51743
-0.00203533,0.00204254,-2.31094e-06,3.47614
-0.00306612,0.00307549,-1.35619e-06,3.43633
-0.00407514,0.00408667,-4.11825e-07,3.39794
-0.00505586,0.00506964,5.12641e-07,3.36092
-0.00600278,0.00601844,1.44023e-06,3.32523
-0.00691148,0.00692905,2.33642e-06,3.29083
-0.00777685,0.00779631,3.21856e-06,3.25772
-0.0085936,0.008615,4.07634e-06,3.22589
-0.00935757,0.00937993,4.89241e-06,3.19532
-0.0100649,0.0100892,5.69709e-06,3.16603
-0.0107111,0.0107363,6.43815e-06,3.13803
-0.0112928,0.0113192,7.1476e-06,3.11132
-0.0118077,0.011835,7.81261e-06,3.08592
-0.012253,0.012281,8.39989e-06,3.06184
-0.0126265,0.0126551,8.94993e-06,3.0391
-0.0129281,0.012957,9.44073e-06,3.01769
-0.0131559,0.013185,9.86261e-06,2.99764
-0.0133105,0.0133398,1.02248e-05,2.97894
-0.0133915,0.0134205,1.04859e-05,2.9616
-0.0134014,0.0134303,1.07384e-05,2.9456
-0.0133402,0.0133686,1.08516e-05,2.93094
-0.0132107,0.0132384,1.09056e-05,2.9176
-0.0130151,0.0130425,1.09781e-05,2.90555
-0.0127565,0.0127828,1.08666e-05,2.89478
-0.0124377,0.0124635,1.07979e-05,2.88525
-0.0120628,0.0120874,1.05679e-05,2.87691
-0.0116352,0.0116589,1.03326e-05,2.86973
-0.0111589,0.0111812,9.94779e-06,2.86367
-0.0106395,0.0106608,9.62596e-06,2.85867
-0.0100787,0.0100986,9.12569e-06,2.85468
-0.00948325,0.00950199,8.6828e-06,2.85164
-0.0088573,0.00887487,8.19069e-06,2.8495
-0.00820444,0.0082206,7.59103e-06,2.84821
-0.00753067,0.00754518,6.90691e-06,2.8477
-0.00683859,0.00685192,6.31505e-06,2.84792
-0.00613534,0.00614719,5.61462e-06,2.84882
-0.0054226,0.00543319,4.94491e-06,2.85034
-0.00470585,0.00471503,4.20878e-06,2.85243
-0.00398991,0.0039977,3.4856e-06,2.85504
-0.00327824,0.00328453,2.70759e-06,2.85813
-0.00257468,0.00258,2.04489e-06,2.86166
-0.00188376,0.00188763,1.28395e-06,2.86558
-0.00120714,0.00120978,5.59553e-07,2.86986
-0.000549887,0.000551431,-1.29834e-07,2.87448
8.37795e-05,-8.34253e-05,-8.26794e-07,2.8794
0.00069592,-0.000696592,-1.47113e-06,2.8846
0.00127486,-0.00127667,-2.11901e-06,2.89006
0.00182629,-0.00182907,-2.71144e-06,2.89576
0.00234205,-0.00234574,-3.27099e-06,2.9017
0.00282976,-0.00283431,-3.79939e-06,2.90785
0.00327555,-0.00328077,-4.26403e-06,2.91421
0.00368149,-0.00368742,-4.69303e-06,2.92078
0.00405147,-0.00405826,-5.11244e-06,2.92755
0.00437908,-0.0043863,-5.43114e-06,2.93451
0.00466849,-0.00467633,-5.73882e-06,2.94167
0.00491666,-0.00492494,-5.98434e-06,2.94902
0.0051228,-0.00513144,-6.17963e-06,2.95656
0.0052894,-0.00529839,-6.33321e-06,2.96428
0.00541446,-0.00542374,-6.44033e-06,2.97219
0.00549966,-0.00550902,-6.48842e-06,2.98029
0.00554922,-0.00555881,-6.5113e-06,2.98856
0.00556106,-0.00557062,-6.47898e-06,2.99701
0.00553396,-0.00554363,-6.41538e-06,3.00564
0.00548158,-0.00549124,-6.31758e-06,3.01443
0.00539014,-0.00539944,-6.16178e-06,3.02338
0.00526875,-0.00527805,-5.99657e-06,3.03247
0.00512441,-0.0051336,-5.80108e-06,3.04172
0.00495248,-0.00496119,-5.56394e-06,3.05109
0.00475616,-0.00476473,-5.31645e-06,3.06059
0.00454051,-0.00454888,-5.0479e-06,3.07019
0.00430577,-0.0043136,-4.75009e-06,3.0799
0.00405474,-0.00406228,-4.4467e-06,3.08969
0.00379025,-0.0037971,-4.11921e-06,3.09956
0.00351395,-0.00352052,-3.79269e-06,3.10949
0.00322766,-0.00323386,-3.45497e-06,3.11946
0.00293572,-0.00294127,-3.10919e-06,3.12948
0.0026401,-0.00264523,-2.76557e-06,3.13952
0.00233958,-0.00234412,-2.41632e-06,3.14957
0.00203923,-0.00204348,-2.07467e-06,3.15962
0.00174068,-0.00174415,-1.7277e-06,3.16967
0.00144522,-0.00144828,-1.39324e-06,3.17969
0.00115506,-0.00115769,-1.06576e-06,3.18969
0.000870081,-0.000871966,-7.39317e-07,3.19965
0.000595379,-0.000596849,-4.30601e-07,3.20958
0.000329045,-0.000330125,-1.33975e-07,3.21945
7.40237e-05,-7.44669e-05,1.56273e-07,3.22926
-0.000170775,0.000170747,4.29321e-07,3.23902
-0.000401211,0.00040157,6.85991e-07,3.24871
-0.000617878,0.000618615,9.26422e-07,3.25834
-0.00081956,0.000820676,1.15184e-06,3.26789
-0.00100694,0.00100848,1.36286e-06,3.27737
-0.00117889,0.00118078,1.55431e-06,3.28678
-0.00133361,0.00133562,1.72154e-06,3.29611
-0.00147216,0.00147465,1.88371e-06,3.30537
-0.00159428,0.00159705,2.02091e-06,3.31455
-0.00170016,0.00170314,2.1408e-06,3.32365
-0.00178895,0.00179203,2.23589e-06,3.33268
-0.00186122,0.00186445,2.3178e-06,3.34163
-0.00191926,0.0019226,2.3819e-06,3.3505
-0.00195967,0.00196315,2.42988e-06,3.3593
-0.00198434,0.00198792,2.45964e-06,3.36802
-0.00199557,0.00199935,2.4805e-06,3.37666
-0.00199219,0.00199589,2.47339e-06,3.38523
-0.00197523,0.00197887,2.45049e-06,3.39372
-0.00194745,0.00195112,2.42329e-06,3.40213
-0.00190396,0.00190754,2.37291e-06,3.41046
-0.00185026,0.00185365,2.30755e-06,3.41872
-0.00178778,0.00179123,2.24347e-06,3.42689
-0.00171392,0.00171723,2.15923e-06,3.43499
-0.00163431,0.00163752,2.06925e-06,3.44301
-0.00154247,0.00154555,1.96537e-06,3.45094
-0.00144655,0.00144946,1.85467e-06,3.45879
-0.00134571,0.0013483,1.73022e-06,3.46656
-0.00123736,0.00123991,1.61369e-06,3.47424
-0.00112576,0.00112802,1.47962e-06,3.48184
-0.00101104,0.00101312,1.34632e-06,3.48934
-0.000894985,0.000896837,1.21052e-06,3.49676
-0.000776722,0.00077836,1.07266e-06,3.5041
-0.000656696,0.000658166,9.34542e-07,3.51134
-0.000538764,0.000540148,8.02642e-07,3.51849
-0.000419183,0.000420301,6.59952e-07,3.52554
-0.000302198,0.000303117,5.22684e-07,3.53251
-0.000189289,0.000189984,3.88762e-07,3.53938
-7.65288e-05,7.70326e-05,2.56213e-07,3.54616
3.06066e-05,-3.03416e-05,1.27384e-07,3.55285
0.00013397,-0.00013399,8.06864e-10,3.55945
0.000233563,-0.000233782,-1.17816e-07,3.56595
0.000331343,-0.000331608,-2.27997e-07,3.57237
0.000418143,-0.000418586,-3.32459e-07,3.57869
0.000502346,-0.000502983,-4.34244e-07,3.58492
0.000578809,-0.000579695,-5.29416e-07,3.59106
0.000651915,-0.000652801,-6.11877e-07,3.59712
0.000715888,-0.000716944,-6.9073e-07,3.60308
0.00077518,-0.000776353,-7.62246e-07,3.60896
0.000823975,-0.000825257,-8.22115e-07,3.61475
0.000872107,-0.000873517,-8.81381e-07,3.62046
0.000911031,-0.000912515,-9.29142e-07,3.62608
0.000942885,-0.000944447,-9.68877e-07,3.63162
0.000964423,-0.000966055,-9.9736e-07,3.63708
0.000986469,-0.000988157,-1.02555e-06,3.64246
0.00100019,-0.00100181,-1.04158e-06,3.64776
0.00100527,-0.00100702,-1.05275e-06,3.65298
0.00100468,-0.00100637,-1.05351e-06,3.65813
0.000998276,-0.000999953,-1.0487e-06,3.6632
0.000988844,-0.000990653,-1.04284e-06,3.66819
0.000973706,-0.000975504,-1.02805e-06,3.67311
0.000950261,-0.000951938,-1.00259e-06,3.67796
0.000927173,-0.000928927,-9.79925e-07,3.68273
0.000899009,-0.000900612,-9.48938e-07,3.68743
0.000865997,-0.000867557,-9.13758e-07,3.69207
0.00082582,-0.00082734,-8.70579e-07,3.69663
0.000789946,-0.000791527,-8.33123e-07,3.70112
0.000744741,-0.000746151,-7.83e-07,3.70555
0.000701594,-0.000703029,-7.37107e-07,3.7099
0.000655269,-0.000656542,-6.85623e-07,3.71419
0.00060597,-0.000607266,-6.32788e-07,3.71842
0.000554209,-0.000555309,-5.75146e-07,3.72258
0.000507983,-0.000509006,-5.24779e-07,3.72667
0.000456588,-0.000457523,-4.68377e-07,3.7307
0.000403064,-0.000403909,-4.09637e-07,3.73467
0.000352794,-0.000353566,-3.54711e-07,3.73857
0.000303005,-0.000303693,-3.00166e-07,3.74242
0.000253639,-0.000254321,-2.46583e-07,3.7462
0.000202246,-0.000202745,-1.89577e-07,3.74992
0.000156463,-0.000156868,-1.39329e-07,3.75358
0.000110798,-0.000111136,-8.93745e-08,3.75719
6.52542e-05,-6.5496e-05,-3.93843e-08,3.76074
2.48126e-05,-2.49823e-05,4.94824e-09,3.76422
-1.85497e-05,1.84595e-05,5.24379e-08,3.76766
-5.45027e-05,5.44809e-05,9.16434e-08,3.77104
-9.12626e-05,9.13223e-05,1.31975e-07,3.77436
-0.00012371,0.000123826,1.67401e-07,3.77763
-0.000157395,0.000157575,2.04242e-07,3.78085
-0.000181796,0.000182043,2.30811e-07,3.78401
-0.000210746,0.000211029,2.62215e-07,3.78713
-0.000230674,0.000231012,2.8383e-07,3.79019
-0.000250168,0.000250537,3.04803e-07,3.79321
-0.000269345,0.000269767,3.25731e-07,3.79618
-0.000282708,0.000283166,3.39972e-07,3.7991
-0.000293241,0.000293821,3.52047e-07,3.80197
-0.0003041,0.000304591,3.6236e-07,3.8048
-0.000309273,0.000309895,3.68713e-07,3.80758
-0.000312026,0.000312544,3.69885e-07,3.81032
-0.000312237,0.000312767,3.69514e-07,3.81301
-0.000313078,0.000313721,3.71127e-07,3.81566
-0.000308283,0.000308921,3.64996e-07,3.81827
-0.000304326,0.00030484,3.5858e-07,3.82083
-0.000294362,0.000294972,3.48132e-07,3.82335
-0.000288733,0.000289218,3.39742e-07,3.82584
-0.000273307,0.000273789,3.22119e-07,3.82828
-0.000262214,0.000262662,3.08902e-07,3.83069
-0.000248131,0.00024857,2.92689e-07,3.83306
-0.000230926,0.000231332,2.72754e-07,3.83538
-0.000218161,0.000218553,2.57943e-07,3.83767
-0.000197909,0.000198376,2.35891e-07,3.83993
-0.000178063,0.000178497,2.13053e-07,3.84215
-0.000162821,0.000163098,1.93869e-07,3.84433
-0.000139091,0.000139336,1.66773e-07,3.84647
-0.000124317,0.000124656,1.51026e-07,3.84859
-0.000100535,0.000100815,1.23527e-07,3.85066
-8.13991e-05,8.15331e-05,1.00305e-07,3.85271
-6.20355e-05,6.22452e-05,7.92169e-08,3.85472
-4.25841e-05,4.26471e-05,5.56829e-08,3.85669
-2.27716e-05,2.28038e-05,3.30137e-08,3.85864
2.80647e-06,-2.71551e-06,4.91413e-09,3.86055
1.78856e-05,-1.7934e-05,-1.36258e-08,3.86243
3.34699e-05,-3.34398e-05,-3.0538e-08,3.86428
4.94465e-05,-4.94468e-05,-4.89802e-08,3.8661
7.18862e-05,-7.19279e-05,-7.45704e-08,3.86789
7.66383e-05,-7.6804e-05,-8.13371e-08,3.86965
0.000100565,-0.000100781,-1.08571e-07,3.87138
0.000112454,-0.000112581,-1.21366e-07,3.87308
0.000124807,-0.00012496,-1.35618e-07,3.87476
0.000144378,-0.000144574,-1.57973e-07,3.8764
0.00014401,-0.00014421,-1.57927e-07,3.87802
0.000158023,-0.000158254,-1.73958e-07,3.87961
0.000165397,-0.000165651,-1.82557e-07,3.88118
0.000173198,-0.000173472,-1.91593e-07,3.88272
0.000166707,-0.000166973,-1.84553e-07,3.88423
0.000190599,-0.000190808,-2.11016e-07,3.88572
0.000184222,-0.000184547,-2.04739e-07,3.88718
0.00019371,-0.000194053,-2.15558e-07,3.88862
0.000187867,-0.000188204,-2.09164e-07,3.89004
0.000190318,-0.000190664,-2.12068e-07,3.89143
0.000193003,-0.000193366,-2.15234e-07,3.8928
0.000187892,-0.000188251,-2.09633e-07,3.89414
0.000191226,-0.000191596,-2.13474e-07,3.89547
0.000178496,-0.000178734,-1.98883e-07,3.89677
0.000174452,-0.000174803,-1.94843e-07,3.89805
0.000179003,-0.000179366,-2.00012e-07,3.8993
0.000167036,-0.000167274,-1.86325e-07,3.90054
0.000163935,-0.000164176,-1.82929e-07,3.90176
0.00015267,-0.000153004,-1.70648e-07,3.90295
0.000150432,-0.000150766,-1.68186e-07,3.90413
0.000139953,-0.000140275,-1.5647e-07,3.90529
0.000130032,-0.00013034,-1.45373e-07,3.90642
0.000120696,-0.000120875,-1.34645e-07,3.90754
0.000120322,-0.000120505,-1.3426e-07,3.90864
0.000102931,-0.000103096,-1.14795e-07,3.90972
9.50029e-05,-9.51569e-05,-1.05916e-07,3.91078
8.75114e-05,-8.76563e-05,-9.75433e-08,3.91183
8.04299e-05,-8.057e-05,-8.96264e-08,3.91286
6.50407e-05,-6.51574e-05,-7.23672e-08,3.91387
5.03822e-05,-5.04783e-05,-5.59386e-08,3.91486
5.40639e-05,-5.41739e-05,-6.0106e-08,3.91584
4.87649e-05,-4.89782e-05,-5.43951e-08,3.9168
2.6025e-05,-2.60854e-05,-2.86427e-08,3.91774
2.2172e-05,-2.22284e-05,-2.43376e-08,3.91867
2.76306e-05,-2.77072e-05,-3.04968e-08,3.91958
5.56543e-06,-5.59671e-06,-5.72414e-09,3.92048
2.72439e-06,-2.86551e-06,-2.78516e-09,3.92136
-9.15735e-06,9.15498e-06,1.08049e-08,3.92223
-1.87475e-06,1.74524e-06,2.35632e-09,3.92308
-2.31812e-05,2.32042e-05,2.65332e-08,3.92392
-2.46638e-05,2.46886e-05,2.81809e-08,3.92474
-2.61091e-05,2.60285e-05,2.95474e-08,3.92555
-2.73704e-05,2.74019e-05,3.1207e-08,3.92635
-3.86462e-05,3.87014e-05,4.38674e-08,3.92713
-3.95312e-05,3.95852e-05,4.48387e-08,3.9279
-4.03846e-05,4.04443e-05,4.57968e-08,3.92866
-4.12788e-05,4.12311e-05,4.65204e-08,3.92941
-5.27446e-05,5.28342e-05,5.96821e-08,3.93014
-4.24446e-05,4.25138e-05,4.80853e-08,3.93086
-4.33115e-05,4.3381e-05,4.90436e-08,3.93157
-4.41974e-05,4.42705e-05,5.00233e-08,3.93226
-5.66663e-05,5.66584e-05,6.37608e-08,3.93295
-4.56299e-05,4.57146e-05,5.16339e-08,3.93362
-4.66715e-05,4.67609e-05,5.27936e-08,3.93429
-6.00824e-05,6.00909e-05,6.75816e-08,3.93494
-3.60265e-05,3.60999e-05,4.08096e-08,3.93558
-3.75215e-05,3.75991e-05,4.24777e-08,3.9362
-5.21517e-05,5.22639e-05,5.89208e-08,3.93682
-4.03226e-05,4.03034e-05,4.53253e-08,3.93743
-2.83321e-05,2.84019e-05,3.21214e-08,3.93803
-4.4383e-05,4.44904e-05,5.01674e-08,3.93862
-3.19835e-05,3.20639e-05,3.61954e-08,3.9392
-1.94691e-05,1.9526e-05,2.21103e-08,3.93976
-2.19227e-05,2.19853e-05,2.4854e-08,3.94032
-2.44481e-05,2.45182e-05,2.76791e-08,3.94087
-2.70701e-05,2.71459e-05,3.06097e-08,3.94141
-1.34902e-05,1.35381e-05,1.53247e-08,3.94195
-1.64149e-05,1.64699e-05,1.85991e-08,3.94247
-2.24861e-06,2.27373e-06,2.65093e-09,3.94298
-5.42125e-06,5.45302e-06,6.20403e-09,3.94349
9.39569e-06,-9.39593e-06,-1.04738e-08,3.94398
-1.24486e-05,1.24999e-05,1.40852e-08,3.94447
2.2193e-05,-2.22225e-05,-2.48945e-08,3.94495
-2.01807e-05,2.03571e-05,2.29733e-08,3.94543
1.63755e-05,-1.63964e-05,-1.83898e-08,3.94589
3.31715e-05,-3.32315e-05,-3.72903e-08,3.94635
8.57659e-06,-8.47333e-06,-9.44074e-09,3.9468
2.63937e-05,-2.64452e-05,-2.97007e-08,3.94724
2.27118e-05,-2.27538e-05,-2.55665e-08,3.94767
4.13825e-05,-4.1468e-05,-4.65688e-08,3.9481
1.30604e-05,-1.30759e-05,-1.47581e-08,3.94852
3.47885e-05,-3.48616e-05,-3.91623e-08,3.94893
3.11092e-05,-3.1174e-05,-3.50294e-08,3.94934
5.16237e-05,-5.17374e-05,-5.81034e-08,3.94974
2.32733e-05,-2.32138e-05,-2.60752e-08,3.95013
4.49367e-05,-4.49333e-05,-5.0453e-08,3.95051
1.58642e-05,-1.58828e-05,-1.79019e-08,3.95089
3.87529e-05,-3.87469e-05,-4.3526e-08,3.95127
3.5245e-05,-3.53453e-05,-3.97232e-08,3.95163
5.85583e-05,-5.87107e-05,-6.59337e-08,3.95199
2.76942e-05,-2.77805e-05,-3.12318e-08,3.95235
2.47688e-05,-2.47427e-05,-2.78294e-08,3.95269
4.97373e-05,-4.97725e-05,-5.59118e-08,3.95304
4.61151e-05,-4.62566e-05,-5.1951e-08,3.95337
1.43542e-05,-1.44264e-05,-1.62359e-08,3.9537
4.09215e-05,-4.09454e-05,-4.60103e-08,3.95403
3.77431e-05,-3.78725e-05,-4.25319e-08,3.95435
3.47808e-05,-3.49044e-05,-3.91976e-08,3.95466
3.19685e-05,-3.20854e-05,-3.60305e-08,3.95497
2.93533e-05,-2.93579e-05,-3.30056e-08,3.95528
-3.75833e-06,3.71456e-06,4.14915e-09,3.95558
2.57748e-05,-2.58818e-05,-2.9057e-08,3.95587
5.47083e-05,-5.47726e-05,-6.15183e-08,3.95616
2.16495e-05,-2.16875e-05,-2.44075e-08,3.95644
1.75621e-05,-1.76591e-05,-1.98123e-08,3.95672
1.56872e-05,-1.56727e-05,-1.76319e-08,3.957
4.62531e-05,-4.63103e-05,-5.20103e-08,3.95727
1.06675e-05,-1.06499e-05,-1.19892e-08,3.95753
9.09661e-06,-9.08087e-06,-1.02243e-08,3.95779
4.08584e-05,-4.09155e-05,-4.59455e-08,3.95805
4.72869e-06,-4.71247e-06,-5.31374e-09,3.9583
3.41567e-06,-3.50701e-06,-3.89798e-09,3.95855
2.27482e-06,-2.25586e-06,-2.55042e-09,3.95879
3.57532e-05,-3.59155e-05,-4.02653e-08,3.95903
-1.4779e-06,1.39761e-06,1.61398e-09,3.95927
3.27622e-05,-3.29144e-05,-3.68978e-08,3.9595
-4.80445e-06,4.73791e-06,5.36402e-09,3.95973
-5.57022e-06,5.50915e-06,6.22878e-09,3.95995
-6.24847e-06,6.29943e-06,7.05572e-09,3.96017
-6.95325e-06,7.00335e-06,7.84765e-09,3.96039
-7.68456e-06,7.62926e-06,8.60816e-09,3.9606
2.98555e-05,-2.98875e-05,-3.35613e-08,3.96081
-1.04338e-05,1.04922e-05,1.17655e-08,3.96102
2.78723e-05,-2.79031e-05,-3.13305e-08,3.96122
-5.2589e-05,5.26312e-05,5.91249e-08,3.96142
2.83974e-05,-2.85359e-05,-3.1985e-08,3.96162
-1.39441e-05,1.3908e-05,1.56565e-08,3.96181
-1.42938e-05,1.43688e-05,1.61169e-08,3.962
-1.47098e-05,1.47841e-05,1.65836e-08,3.96218
-1.5194e-05,1.51622e-05,1.70606e-08,3.96236
2.83209e-05,-2.8346e-05,-3.18294e-08,3.96254
-1.7544e-05,1.76257e-05,1.97717e-08,3.96272
-1.79217e-05,1.80029e-05,2.01952e-08,3.9629
-1.83396e-05,1.84192e-05,2.06631e-08,3.96307
-1.88074e-05,1.88849e-05,2.11869e-08,3.96323
2.93428e-05,-2.93772e-05,-3.29815e-08,3.9634
-2.12819e-05,2.13604e-05,2.39658e-08,3.96356
-2.18311e-05,2.18035e-05,2.45153e-08,3.96372
2.93062e-05,-2.94497e-05,-3.30105e-08,3.96388
-2.43346e-05,2.43205e-05,2.7341e-08,3.96403
-2.48764e-05,2.49746e-05,2.80209e-08,3.96418
2.98112e-05,-2.98451e-05,-3.35095e-08,3.96433
-2.75299e-05,2.7631e-05,3.10005e-08,3.96448
-2.83863e-05,2.83826e-05,3.18965e-08,3.96462
3.06527e-05,-3.07958e-05,-3.45242e-08,3.96476
-3.12815e-05,3.14003e-05,3.52274e-08,3.9649
3.03327e-05,-3.04735e-05,-3.41627e-08,3.96504
-3.43703e-05,3.45007e-05,3.87034e-08,3.96517
3.02803e-05,-3.03127e-05,-3.40392e-08,3.96531
-3.7691e-05,3.78251e-05,4.24315e-08,3.96544
3.03379e-05,-3.04795e-05,-3.41679e-08,3.96557
2.85035e-05,-2.85312e-05,-3.20421e-08,3.96569
-4.31524e-05,4.33015e-05,4.85729e-08,3.96582
2.90276e-05,-2.90594e-05,-3.26337e-08,3.96594
-4.72163e-05,4.72657e-05,5.30835e-08,3.96606
2.97858e-05,-2.98195e-05,-3.34875e-08,3.96617
2.79514e-05,-2.79809e-05,-3.1425e-08,3.96629
-5.37583e-05,5.3825e-05,6.04444e-08,3.9664
2.9155e-05,-2.91881e-05,-3.27799e-08,3.96651
2.73639e-05,-2.73932e-05,-3.07662e-08,3.96663
2.56617e-05,-2.56876e-05,-2.88526e-08,3.96673
-6.291e-05,6.29957e-05,7.07385e-08,3.96684
2.74625e-05,-2.75982e-05,-3.09265e-08,3.96694
2.58213e-05,-2.58458e-05,-2.90322e-08,3.96705
2.42103e-05,-2.42313e-05,-2.72208e-08,3.96715
2.26245e-05,-2.2753e-05,-2.54811e-08,3.96725
-7.48868e-05,7.51273e-05,8.42682e-08,3.96735
2.53842e-05,-2.54102e-05,-2.85424e-08,3.96744
2.38133e-05,-2.38362e-05,-2.67763e-08,3.96754
2.22672e-05,-2.23941e-05,-2.50771e-08,3.96763
2.09043e-05,-2.0918e-05,-2.35044e-08,3.96772
1.95028e-05,-1.96244e-05,-2.19652e-08,3.96781
1.82822e-05,-1.82871e-05,-2.05548e-08,3.9679
-9.20245e-05,9.2309e-05,1.0354e-07,3.96798
2.22034e-05,-2.22251e-05,-2.49666e-08,3.96807
2.08168e-05,-2.08364e-05,-2.34078e-08,3.96815
1.94996e-05,-1.95169e-05,-2.19268e-08,3.96823
1.82485e-05,-1.82644e-05,-2.05203e-08,3.96831
1.70609e-05,-1.70755e-05,-1.91852e-08,3.96839
1.59342e-05,-1.59477e-05,-1.79184e-08,3.96847
1.48653e-05,-1.48783e-05,-1.67167e-08,3.96855
1.38526e-05,-1.38649e-05,-1.55781e-08,3.96863
1.28927e-05,-1.29047e-05,-1.44989e-08,3.9687
1.19839e-05,-1.1996e-05,-1.34771e-08,3.96877
1.11237e-05,-1.11356e-05,-1.25098e-08,3.96885
-0.000119128,0.000119393,1.33998e-07,3.96892
1.69955e-05,-1.70282e-05,-1.91144e-08,3.96899
1.59162e-05,-1.59481e-05,-1.79013e-08,3.96905
1.48914e-05,-1.49225e-05,-1.67492e-08,3.96912
1.38688e-05,-1.39993e-05,-1.56257e-08,3.96919
1.29983e-05,-1.30238e-05,-1.46201e-08,3.96925
1.21235e-05,-1.2148e-05,-1.36364e-08,3.96932
1.12946e-05,-1.13183e-05,-1.27043e-08,3.96938
1.05091e-05,-1.05321e-05,-1.18209e-08,3.96944
9.76563e-06,-9.7881e-06,-1.09849e-08,3.9695
9.06196e-06,-9.08373e-06,-1.01935e-08,3.96956
8.39638e-06,-8.41784e-06,-9.44501e-09,3.96962
6.04226e-06,-6.05272e-06,-6.80122e-09,3.96968
6.07329e-06,-6.08401e-06,-6.83605e-09,3.96973
6.09216e-06,-6.10315e-06,-6.8572e-09,3.96979
6.09884e-06,-6.1101e-06,-6.86463e-09,3.96984
6.0933e-06,-6.10484e-06,-6.85832e-09,3.9699
6.07413e-06,-6.08882e-06,-6.83768e-09,3.96995
6.0442e-06,-6.05923e-06,-6.80397e-09,3.97
6.00217e-06,-6.01753e-06,-6.75664e-09,3.97006
-0.000164895,0.000165238,1.85541e-07,3.9701
1.31391e-05,-1.31879e-05,-1.47836e-08,3.97016
1.2337e-05,-1.23838e-05,-1.38814e-08,3.9702
1.15742e-05,-1.16192e-05,-1.30235e-08,3.97025
1.08495e-05,-1.08926e-05,-1.22083e-08,3.9703
1.0161e-05,-1.02022e-05,-1.14337e-08,3.97034
9.50726e-06,-9.54675e-06,-1.06983e-08,3.97039
8.88684e-06,-8.92448e-06,-1.00002e-08,3.97044
8.29833e-06,-8.33421e-06,-9.33808e-09,3.97048
7.74026e-06,-7.77448e-06,-8.71019e-09,3.97052
7.21146e-06,-7.24376e-06,-8.11514e-09,3.97056
6.71062e-06,-6.74113e-06,-7.55156e-09,3.97061
6.23636e-06,-6.26531e-06,-7.0179e-09,3.97065
3.7744e-06,-3.7894e-06,-4.24946e-09,3.97069
3.81717e-06,-3.83246e-06,-4.29755e-09,3.97073
3.85232e-06,-3.86786e-06,-4.33705e-09,3.97077
3.87975e-06,-3.89552e-06,-4.36787e-09,3.9708
3.89942e-06,-3.9154e-06,-4.38996e-09,3.97084
3.91129e-06,-3.92745e-06,-4.40326e-09,3.97088
3.91534e-06,-3.93164e-06,-4.40776e-09,3.97092
3.90995e-06,-3.92958e-06,-4.40261e-09,3.97095
3.89829e-06,-3.91811e-06,-4.38946e-09,3.97099
3.87884e-06,-3.8988e-06,-4.36753e-09,3.97102
3.85161e-06,-3.8717e-06,-4.33685e-09,3.97106
3.81668e-06,-3.83687e-06,-4.29751e-09,3.97109
-0.000404946,0.000406249,4.55819e-07,3.97112
2.53168e-05,-2.53947e-05,-2.84939e-08,3.97115
2.40084e-05,-2.40821e-05,-2.70223e-08,3.97119
2.27566e-05,-2.28264e-05,-2.56143e-08,3.97122
2.15595e-05,-2.16254e-05,-2.42676e-08,3.97125
2.0415e-05,-2.04773e-05,-2.298e-08,3.97128
1.93213e-05,-1.938e-05,-2.17494e-08,3.97131
1.82764e-05,-1.83318e-05,-2.05737e-08,3.97134
1.72785e-05,-1.73308e-05,-1.94508e-08,3.97137
1.63259e-05,-1.63752e-05,-1.83788e-08,3.9714
1.54169e-05,-1.54633e-05,-1.73557e-08,3.97142
1.45497e-05,-1.45934e-05,-1.63798e-08,3.97145
1.37229e-05,-1.37639e-05,-1.54491e-08,3.97148
1.29347e-05,-1.29733e-05,-1.45619e-08,3.9715
1.21837e-05,-1.22199e-05,-1.37166e-08,3.97153
0.000418174,-0.000420158,-4.7072e-07,3.97156
-1.26344e-05,1.27315e-05,1.42192e-08,3.97158
-1.22431e-05,1.22e-05,1.37883e-08,3.97161
-1.17216e-05,1.18234e-05,1.31904e-08,3.97163
-1.12867e-05,1.13852e-05,1.27011e-08,3.97165
-1.09293e-05,1.0894e-05,1.22991e-08,3.97168
-1.04493e-05,1.05496e-05,1.17588e-08,3.9717
-1.00508e-05,1.01476e-05,1.13108e-08,3.97172
-9.66402e-06,9.7575e-06,1.0876e-08,3.97174
-9.28891e-06,9.3792e-06,1.04544e-08,3.97177
-8.92531e-06,9.01217e-06,1.00456e-08,3.97179
-8.57265e-06,8.6567e-06,9.64928e-09,3.97181
-8.23135e-06,8.31243e-06,9.26569e-09,3.97183
-7.90065e-06,7.97897e-06,8.89404e-09,3.97185
-7.58058e-06,7.65652e-06,8.53439e-09,3.97187
-7.2707e-06,7.34446e-06,8.18624e-09,3.97189
-0.000413774,0.0004156,4.65594e-07,3.97191
1.67333e-05,-1.68064e-05,-1.88301e-08,3.97193
1.59053e-05,-1.59749e-05,-1.7899e-08,3.97195
1.51118e-05,-1.5178e-05,-1.70065e-08,3.97197
1.43514e-05,-1.44145e-05,-1.61514e-08,3.97198
1.36232e-05,-1.36832e-05,-1.53323e-08,3.972
1.29261e-05,-1.2983e-05,-1.4548e-08,3.97202
1.22588e-05,-1.23129e-05,-1.37973e-08,3.97204
1.16204e-05,-1.16718e-05,-1.30791e-08,3.97205
1.10098e-05,-1.10587e-05,-1.23921e-08,3.97207
1.04261e-05,-1.04724e-05,-1.17353e-08,3.97209
9.86822e-06,-9.91214e-06,-1.11075e-08,3.9721
9.33522e-06,-9.37686e-06,-1.05077e-08,3.97212
8.82619e-06,-8.86565e-06,-9.93485e-09,3.97214
8.34023e-06,-8.3776e-06,-9.38794e-09,3.97215
7.87647e-06,-7.91184e-06,-8.866e-09,3.97217
7.43406e-06,-7.46752e-06,-8.36806e-09,3.97218
7.01217e-06,-7.04381e-06,-7.89321e-09,3.9722
6.61e-06,-6.63991e-06,-7.44055e-09,3.97221
6.22679e-06,-6.25504e-06,-7.00921e-09,3.97222
5.86179e-06,-5.88845e-06,-6.59836e-09,3.97224
5.51426e-06,-5.53941e-06,-6.20717e-09,3.97225
5.1835e-06,-5.20721e-06,-5.83485e-09,3.97227
4.86884e-06,-4.89118e-06,-5.48064e-09,3.97228
4.56961e-06,-4.59065e-06,-5.14381e-09,3.97229
4.28519e-06,-4.30497e-06,-4.82362e-09,3.9723
0.000411125,-0.000412284,-4.62586e-07,3.97232
-1.96918e-05,1.97468e-05,2.21539e-08,3.97233
-1.88271e-05,1.88788e-05,2.11804e-08,3.97234
-1.7994e-05,1.80424e-05,2.02424e-08,3.97235
-1.71914e-05,1.7237e-05,1.93389e-08,3.97237
-1.64186e-05,1.64616e-05,1.8469e-08,3.97238
-1.57462e-05,1.56437e-05,1.77038e-08,3.97239
-1.49563e-05,1.50002e-05,1.68226e-08,3.9724
-1.42677e-05,1.43096e-05,1.60477e-08,3.97241
-0.000420659,0.000421954,4.73361e-07,3.97242
1.04805e-05,-1.05146e-05,-1.18019e-08,3.97243
9.98293e-06,-1.00154e-05,-1.12417e-08,3.97244
9.5052e-06,-9.536e-06,-1.07038e-08,3.97245
9.04666e-06,-9.07594e-06,-1.01875e-08,3.97246
8.60673e-06,-8.63454e-06,-9.6921e-09,3.97247
8.18477e-06,-8.21117e-06,-9.21693e-09,3.97248
7.7802e-06,-7.80525e-06,-8.76134e-09,3.97249
7.39243e-06,-7.41619e-06,-8.32466e-09,3.9725
7.02091e-06,-7.04343e-06,-7.90626e-09,3.97251
6.66506e-06,-6.68639e-06,-7.5055e-09,3.97252
6.32435e-06,-6.34455e-06,-7.12178e-09,3.97253
5.99825e-06,-6.01737e-06,-6.75451e-09,3.97253
5.68623e-06,-5.70433e-06,-6.40311e-09,3.97254
5.38781e-06,-5.40492e-06,-6.067e-09,3.97255
5.10249e-06,-5.11866e-06,-5.74564e-09,3.97256
4.82979e-06,-4.84506e-06,-5.4385e-09,3.97257
4.56924e-06,-4.58365e-06,-5.14504e-09,3.97258
4.3204e-06,-4.33399e-06,-4.86477e-09,3.97259
4.08282e-06,-4.09564e-06,-4.59719e-09,3.97259
3.85609e-06,-3.86817e-06,-4.34181e-09,3.9726
3.68717e-06,-3.69754e-06,-4.14786e-09,3.97261
3.3922e-06,-3.40174e-06,-3.81605e-09,3.97262
3.23626e-06,-3.24649e-06,-3.64427e-09,3.97262
3.0489e-06,-3.05852e-06,-3.43322e-09,3.97263
2.87044e-06,-2.87947e-06,-3.23218e-09,3.97264
2.70052e-06,-2.70898e-06,-3.04077e-09,3.97265
3.66449e-07,-3.68595e-07,-4.15798e-10,3.97265
4.20024e-07,-4.2231e-07,-4.76035e-10,3.97266
4.7276e-07,-4.75182e-07,-5.3532e-10,3.97267
5.2455e-07,-5.27102e-07,-5.93534e-10,3.97267
5.7529e-07,-5.77969e-07,-6.50561e-10,3.97268
6.24881e-07,-6.2768e-07,-7.06287e-10,3.97268
6.73221e-07,-6.76135e-07,-7.60601e-10,3.97269
7.20215e-07,-7.23238e-07,-8.13394e-10,3.9727
7.65769e-07,-7.68895e-07,-8.6456e-10,3.9727
8.09791e-07,-8.13013e-07,-9.13997e-10,3.97271
8.52193e-07,-8.55506e-07,-9.61606e-10,3.97271
8.92891e-07,-8.96288e-07,-1.00729e-09,3.97272
9.31804e-07,-9.35277e-07,-1.05096e-09,3.97273
0.000409629,-0.00041064,-4.60907e-07,3.97273
-2.11719e-05,2.1221e-05,2.38251e-08,3.97274
-2.02181e-05,2.02651e-05,2.27504e-08,3.97274
-1.93e-05,1.9345e-05,2.17161e-08,3.97275
-1.84169e-05,1.846e-05,2.07214e-08,3.97275
-1.75676e-05,1.76086e-05,1.97649e-08,3.97276
-1.67512e-05,1.67903e-05,1.88455e-08,3.97276
-0.000423134,0.000424196,4.76104e-07,3.97277
8.24568e-06,-8.26618e-06,-9.28164e-09,3.97277
7.86044e-06,-7.87997e-06,-8.84807e-09,3.97278
7.49031e-06,-7.50889e-06,-8.43149e-09,3.97278
7.1348e-06,-7.15248e-06,-8.03135e-09,3.97278
6.79347e-06,-6.81028e-06,-7.64715e-09,3.97279
6.46586e-06,-6.48183e-06,-7.27838e-09,3.97279
6.15152e-06,-6.16669e-06,-6.92454e-09,3.9728
5.85002e-06,-5.86444e-06,-6.58516e-09,3.9728
5.56095e-06,-5.57464e-06,-6.25975e-09,3.97281
5.28387e-06,-5.29687e-06,-5.94784e-09,3.97281
5.01841e-06,-5.03073e-06,-5.64899e-09,3.97281
4.76414e-06,-4.77581e-06,-5.36274e-09,3.97282
4.52068e-06,-4.53174e-06,-5.08866e-09,3.97282
4.28765e-06,-4.29813e-06,-4.82632e-09,3.97283
4.0647e-06,-4.07462e-06,-4.57532e-09,3.97283
3.85145e-06,-3.86083e-06,-4.33524e-09,3.97283
3.64756e-06,-3.65643e-06,-4.10569e-09,3.97284
3.45268e-06,-3.46106e-06,-3.8863e-09,3.97284
3.26649e-06,-3.27441e-06,-3.67668e-09,3.97285
3.08866e-06,-3.09613e-06,-3.47647e-09,3.97285
2.91888e-06,-2.92593e-06,-3.28533e-09,3.97285
2.75684e-06,-2.76349e-06,-3.10291e-09,3.97286
2.63846e-06,-2.64434e-06,-2.96743e-09,3.97286
2.42738e-06,-2.43279e-06,-2.73005e-09,3.97286
8.03165e-08,-8.09569e-08,-9.24775e-11,3.97286
1.35986e-07,-1.36749e-07,-1.55083e-10,3.97287
1.91383e-07,-1.92268e-07,-2.17379e-10,3.97287
2.46397e-07,-2.47402e-07,-2.7924e-10,3.97287
3.00919e-07,-3.02042e-07,-3.40543e-10,3.97288
3.54838e-07,-3.56077e-07,-4.01165e-10,3.97288
4.08048e-07,-4.094e-07,-4.60985e-10,3.97288
4.60442e-07,-4.61905e-07,-5.19883e-10,3.97289
5.11915e-07,-5.13485e-07,-5.77741e-10,3.97289
5.62365e-07,-5.64039e-07,-6.34444e-10,3.97289
6.11689e-07,-6.13464e-07,-6.89878e-10,3.97289
6.5979e-07,-6.61663e-07,-7.43933e-10,3.9729
7.06572e-07,-7.08538e-07,-7.96499e-10,3.9729
7.5194e-07,-7.53996e-07,-8.47473e-10,3.9729
7.95805e-07,-7.97947e-07,-8.96752e-10,3.9729
8.38077e-07,-8.40301e-07,-9.44238e-10,3.97291
8.78674e-07,-8.80974e-07,-9.89835e-10,3.97291
9.17514e-07,-9.19886e-07,-1.03345e-09,3.97291
9.54518e-07,-9.56958e-07,-1.075e-09,3.97291
9.89613e-07,-9.92116e-07,-1.1144e-09,3.97292
1.02273e-06,-1.02529e-06,-1.15158e-09,3.97292
1.0538e-06,-1.05641e-06,-1.18645e-09,3.97292
1.08276e-06,-1.08542e-06,-1.21894e-09,3.97292
1.10956e-06,-1.11226e-06,-1.249e-09,3.97292
1.13414e-06,-1.13688e-06,-1.27656e-09,3.97293
1.15645e-06,-1.15922e-06,-1.30157e-09,3.97293
1.17645e-06,-1.17924e-06,-1.32397e-09,3.97293
0.000409041,-0.000410122,-4.6023e-07,3.97293
-2.16921e-05,2.17537e-05,2.44099e-08,3.97293
-2.07137e-05,2.07726e-05,2.33078e-08,3.97294
-1.97722e-05,1.98283e-05,2.22474e-08,3.97294
-1.88664e-05,1.89201e-05,2.12272e-08,3.97294
-1.79954e-05,1.80465e-05,2.02464e-08,3.97294
-0.000424309,0.000425416,4.77404e-07,3.97295
7.1008e-06,-7.11859e-06,-7.99165e-09,3.97295
6.7648e-06,-6.78176e-06,-7.61359e-09,3.97295
6.44214e-06,-6.45831e-06,-7.25053e-09,3.97295
6.13241e-06,-6.14783e-06,-6.90201e-09,3.97295
5.8352e-06,-5.84988e-06,-6.56757e-09,3.97295
5.55009e-06,-5.56408e-06,-6.24672e-09,3.97296
5.27669e-06,-5.29e-06,-5.93905e-09,3.97296
5.01461e-06,-5.02728e-06,-5.64411e-09,3.97296
4.76347e-06,-4.77551e-06,-5.36147e-09,3.97296
4.52289e-06,-4.53434e-06,-5.09071e-09,3.97296
4.29251e-06,-4.30339e-06,-4.83142e-09,3.97296
4.07198e-06,-4.08231e-06,-4.58322e-09,3.97296
3.86095e-06,-3.87076e-06,-4.3457e-09,3.97296
3.65907e-06,-3.66838e-06,-4.11848e-09,3.97296
3.46603e-06,-3.47486e-06,-3.90121e-09,3.97296
3.2815e-06,-3.28988e-06,-3.69351e-09,3.97297
3.10517e-06,-3.11311e-06,-3.49503e-09,3.97297
2.93673e-06,-2.94425e-06,-3.30545e-09,3.97297
2.7759e-06,-2.78302e-06,-3.12441e-09,3.97297
2.62238e-06,-2.62912e-06,-2.95161e-09,3.97298
2.53234e-06,-2.53927e-06,-2.84951e-09,3.97298
2.32975e-06,-2.33613e-06,-2.62156e-09,3.97298
0,-0,0,3.97298
1.08971e-07,-1.08863e-07,-1.23351e-10,3.97298
1.62337e-07,-1.62376e-07,-1.83401e-10,3.97298
2.15379e-07,-2.15565e-07,-2.43084e-10,3.97298
2.6799e-07,-2.68322e-07,-3.02282e-10,3.97298
3.20065e-07,-3.20543e-07,-3.60875e-10,3.97299
3.715e-07,-3.72123e-07,-4.18746e-10,3.97299
4.22192e-07,-4.22958e-07,-4.7578e-10,3.97299
4.72039e-07,-4.72947e-07,-5.31863e-10,3.97299
5.20942e-07,-5.21991e-07,-5.86882e-10,3.97299
5.68804e-07,-5.69991e-07,-6.40727e-10,3.97299
6.15528e-07,-6.1685e-07,-6.93291e-10,3.97299
6.6102e-07,-6.62476e-07,-7.44469e-10,3.97299
7.05191e-07,-7.06777e-07,-7.94158e-10,3.97299
7.47952e-07,-7.49665e-07,-8.42258e-10,3.97299
7.89216e-07,-7.91053e-07,-8.88674e-10,3.97299
8.28902e-07,-8.30859e-07,-9.33313e-10,3.97299
8.6693e-07,-8.69003e-07,-9.76085e-10,3.97299
9.03225e-07,-9.05409e-07,-1.01691e-09,3.97299
9.37713e-07,-9.40005e-07,-1.05569e-09,3.97299
9.70325e-07,-9.7272e-07,-1.09237e-09,3.97299
1.001e-06,-1.00349e-06,-1.12686e-09,3.973
1.02967e-06,-1.03225e-06,-1.15909e-09,3.973
1.05628e-06,-1.05895e-06,-1.18901e-09,3.973
1.08078e-06,-1.08353e-06,-1.21655e-09,3.973
1.10311e-06,-1.10595e-06,-1.24166e-09,3.973
1.12324e-06,-1.12615e-06,-1.26429e-09,3.973
0.000409056,-0.000410023,-4.60241e-07,3.973
-2.17369e-05,2.17863e-05,2.44575e-08,3.97301
-2.07546e-05,2.08019e-05,2.3351e-08,3.97301
-1.98096e-05,1.98546e-05,2.22865e-08,3.97301
-1.89005e-05,1.89434e-05,2.12628e-08,3.97301
-1.80264e-05,1.80671e-05,2.02785e-08,3.97301
-0.000424383,0.000425388,4.77485e-07,3.97301
7.08042e-06,-7.0979e-06,-7.97122e-09,3.97301
6.74682e-06,-6.76347e-06,-7.5957e-09,3.97301
6.42642e-06,-6.44225e-06,-7.23503e-09,3.97301
6.11879e-06,-6.13385e-06,-6.88872e-09,3.97302
5.82354e-06,-5.83785e-06,-6.55633e-09,3.97302
5.54026e-06,-5.55386e-06,-6.23742e-09,3.97302
5.26856e-06,-5.28148e-06,-5.93153e-09,3.97302
5.00806e-06,-5.02033e-06,-5.63825e-09,3.97302
4.75838e-06,-4.77003e-06,-5.35715e-09,3.97302
4.51916e-06,-4.53021e-06,-5.08781e-09,3.97302
4.29004e-06,-4.30052e-06,-4.82985e-09,3.97302
4.07067e-06,-4.0806e-06,-4.58285e-09,3.97302
3.86071e-06,-3.87011e-06,-4.34645e-09,3.97302
3.65982e-06,-3.66873e-06,-4.12026e-09,3.97302
3.46769e-06,-3.47611e-06,-3.90393e-09,3.97302
3.28399e-06,-3.29196e-06,-3.69709e-09,3.97302
3.10842e-06,-3.11595e-06,-3.4994e-09,3.97302
2.94067e-06,-2.94779e-06,-3.31053e-09,3.97302
2.78047e-06,-2.78719e-06,-3.13015e-09,3.97302
2.62752e-06,-2.63386e-06,-2.95793e-09,3.97302
2.48155e-06,-2.48753e-06,-2.79357e-09,3.97302
2.3708e-06,-2.37616e-06,-2.66727e-09,3.97302
0,-0,0,3.97302
8.05517e-08,-8.10785e-08,-9.22035e-11,3.97302
1.34919e-07,-1.35568e-07,-1.53366e-10,3.97302
1.89017e-07,-1.89786e-07,-2.14222e-10,3.97302
2.42736e-07,-2.43625e-07,-2.7465e-10,3.97302
2.9597e-07,-2.96976e-07,-3.34529e-10,3.97302
3.48612e-07,-3.49734e-07,-3.93739e-10,3.97302
4.00557e-07,-4.01792e-07,-4.52161e-10,3.97302
4.51701e-07,-4.53046e-07,-5.09679e-10,3.97302
5.01941e-07,-5.03395e-07,-5.66178e-10,3.97302
5.51177e-07,-5.52736e-07,-6.21545e-10,3.97302
5.99311e-07,-6.00973e-07,-6.75669e-10,3.97302
6.46247e-07,-6.48007e-07,-7.28441e-10,3.97302
6.9189e-07,-6.93745e-07,-7.79757e-10,3.97302
7.36149e-07,-7.38096e-07,-8.29513e-10,3.97302
7.78936e-07,-7.8097e-07,-8.77611e-10,3.97302
8.20165e-07,-8.22283e-07,-9.23953e-10,3.97302
8.59754e-07,-8.61951e-07,-9.68448e-10,3.97302
8.97623e-07,-8.99894e-07,-1.01101e-09,3.97302
9.33697e-07,-9.36039e-07,-1.05154e-09,3.97302
9.67903e-07,-9.70311e-07,-1.08997e-09,3.97302
1.00017e-06,-1.00264e-06,-1.12623e-09,3.97302
1.03044e-06,-1.03297e-06,-1.16023e-09,3.97302
1.05865e-06,-1.06123e-06,-1.19191e-09,3.97302
1.08475e-06,-1.08737e-06,-1.2212e-09,3.97302
1.10867e-06,-1.11133e-06,-1.24806e-09,3.97302
1.13037e-06,-1.13307e-06,-1.27241e-09,3.97302
1.14982e-06,-1.15254e-06,-1.29423e-09,3.97302
1.16696e-06,-1.16971e-06,-1.31345e-09,3.97303
1.18177e-06,-1.18454e-06,-1.33005e-09,3.97303
1.19422e-06,-1.19701e-06,-1.34399e-09,3.97303
1.20428e-06,-1.20707e-06,-1.35524e-09,3.97303
1.21193e-06,-1.21472e-06,-1.36378e-09,3.97303
1.21716e-06,-1.21995e-06,-1.36959e-09,3.97303
1.21995e-06,-1.22273e-06,-1.37266e-09,3.97304
1.2203e-06,-1.22307e-06,-1.37299e-09,3.97304
0.000408304,-0.000409327,-4.59392e-07,3.97304
-2.24164e-05,2.24754e-05,2.52238e-08,3.97304
-2.13968e-05,2.14532e-05,2.40751e-08,3.97304
-2.04162e-05,2.04699e-05,2.29707e-08,3.97304
-1.94731e-05,1.95243e-05,2.19086e-08,3.97304
-1.85664e-05,1.86153e-05,2.08877e-08,3.97304
-0.000424871,0.000425926,4.78029e-07,3.97304
6.59781e-06,-6.61371e-06,-7.42648e-09,3.97304
6.29238e-06,-6.30755e-06,-7.08277e-09,3.97304
5.99879e-06,-6.01328e-06,-6.75237e-09,3.97304
5.71669e-06,-5.73052e-06,-6.43489e-09,3.97304
5.44573e-06,-5.45891e-06,-6.12993e-09,3.97304
5.18555e-06,-5.19811e-06,-5.8371e-09,3.97305
4.93582e-06,-4.94778e-06,-5.55602e-09,3.97305
4.69619e-06,-4.70759e-06,-5.28631e-09,3.97305
4.46634e-06,-4.47719e-06,-5.02759e-09,3.97305
4.24594e-06,-4.25628e-06,-4.77951e-09,3.97305
4.03469e-06,-4.04452e-06,-4.54172e-09,3.97305
3.83227e-06,-3.84161e-06,-4.31386e-09,3.97305
3.63837e-06,-3.64725e-06,-4.0956e-09,3.97305
3.45271e-06,-3.46115e-06,-3.88661e-09,3.97305
3.275e-06,-3.28301e-06,-3.68656e-09,3.97305
3.10495e-06,-3.11256e-06,-3.49514e-09,3.97305
2.9423e-06,-2.94952e-06,-3.31204e-09,3.97305
2.78678e-06,-2.79362e-06,-3.13696e-09,3.97305
2.63813e-06,-2.64461e-06,-2.96961e-09,3.97305
2.49608e-06,-2.50223e-06,-2.80971e-09,3.97305
2.36042e-06,-2.36624e-06,-2.65698e-09,3.97305
2.23088e-06,-2.23639e-06,-2.51116e-09,3.97305
-8.61845e-08,8.66925e-08,9.61213e-11,3.97305
0,-0,0,3.97305
0,-0,0,3.97305
7.88398e-08,-7.87639e-08,-8.95646e-11,3.97305
1.3369e-07,-1.33758e-07,-1.51281e-10,3.97305
1.88273e-07,-1.88486e-07,-2.12695e-10,3.97305
2.4248e-07,-2.42836e-07,-2.73684e-10,3.97305
2.96201e-07,-2.967e-07,-3.34126e-10,3.97305
3.49331e-07,-3.49971e-07,-3.93899e-10,3.97305
4.01761e-07,-4.02542e-07,-4.52885e-10,3.97305
4.53388e-07,-4.54308e-07,-5.10965e-10,3.97305
5.04108e-07,-5.05166e-07,-5.68024e-10,3.97305
5.5382e-07,-5.55013e-07,-6.23946e-10,3.97305
6.02425e-07,-6.0375e-07,-6.78621e-10,3.97305
6.49824e-07,-6.51279e-07,-7.31938e-10,3.97305
6.95924e-07,-6.97506e-07,-7.83792e-10,3.97305
7.40632e-07,-7.42338e-07,-8.34079e-10,3.97305
7.83859e-07,-7.85685e-07,-8.82697e-10,3.97305
8.25518e-07,-8.27461e-07,-9.2955e-10,3.97305
8.65526e-07,-8.67582e-07,-9.74544e-10,3.97305
9.03803e-07,-9.05968e-07,-1.01759e-09,3.97305
9.40272e-07,-9.42542e-07,-1.0586e-09,3.97305
9.74861e-07,-9.77231e-07,-1.09749e-09,3.97305
1.0075e-06,-1.00997e-06,-1.13419e-09,3.97305
1.03812e-06,-1.04068e-06,-1.16862e-09,3.97305
1.06667e-06,-1.06931e-06,-1.20071e-09,3.97305
1.09309e-06,-1.09581e-06,-1.2304e-09,3.97305
1.11731e-06,-1.12011e-06,-1.25763e-09,3.97305
1.13931e-06,-1.14217e-06,-1.28235e-09,3.97305
1.15902e-06,-1.16195e-06,-1.3045e-09,3.97305
1.17642e-06,-1.1794e-06,-1.32404e-09,3.97305
1.19146e-06,-1.1945e-06,-1.34093e-09,3.97305
1.20413e-06,-1.20721e-06,-1.35514e-09,3.97305
1.21438e-06,-1.2175e-06,-1.36664e-09,3.97305
1.2222e-06,-1.22536e-06,-1.37541e-09,3.97305
1.22758e-06,-1.23076e-06,-1.38143e-09,3.97305
1.23051e-06,-1.23371e-06,-1.38468e-09,3.97305
1.23097e-06,-1.23418e-06,-1.38517e-09,3.97305
1.22897e-06,-1.23219e-06,-1.38288e-09,3.97305
1.22452e-06,-1.22774e-06,-1.37783e-09,3.97305
1.21761e-06,-1.22083e-06,-1.37002e-09,3.97305
1.20827e-06,-1.21148e-06,-1.35948e-09,3.97305
0.000407924,-0.000408891,-4.58968e-07,3.97305
-2.2804e-05,2.28565e-05,2.56592e-08,3.97305
-2.17617e-05,2.18118e-05,2.4485e-08,3.97305
-2.07594e-05,2.0807e-05,2.33559e-08,3.97305
-1.97956e-05,1.9841e-05,2.22705e-08,3.97305
-1.88693e-05,1.89126e-05,2.12274e-08,3.97305
-0.000425174,0.000426187,4.78376e-07,3.97305
6.33416e-06,-6.34962e-06,-7.13131e-09,3.97305
6.04547e-06,-6.06023e-06,-6.80634e-09,3.97305
5.7678e-06,-5.78187e-06,-6.49376e-09,3.97305
5.5008e-06,-5.51421e-06,-6.19318e-09,3.97305
5.24417e-06,-5.25693e-06,-5.90426e-09,3.97305
4.99757e-06,-5.00973e-06,-5.62664e-09,3.97305
4.76071e-06,-4.77228e-06,-5.35997e-09,3.97305
4.53328e-06,-4.54427e-06,-5.1039e-09,3.97305
4.31497e-06,-4.32543e-06,-4.85811e-09,3.97305
4.1055e-06,-4.11544e-06,-4.62226e-09,3.97305
3.90457e-06,-3.91401e-06,-4.39603e-09,3.97305
3.71191e-06,-3.72088e-06,-4.17911e-09,3.97305
3.52724e-06,-3.53575e-06,-3.97117e-09,3.97305
3.35029e-06,-3.35836e-06,-3.77193e-09,3.97305
3.18079e-06,-3.18845e-06,-3.58108e-09,3.97305
3.01849e-06,-3.02575e-06,-3.39833e-09,3.97305
2.86314e-06,-2.87002e-06,-3.22341e-09,3.97305
2.71449e-06,-2.721e-06,-3.05603e-09,3.97305
2.57231e-06,-2.57847e-06,-2.89592e-09,3.97305
2.43635e-06,-2.44218e-06,-2.74284e-09,3.97305
2.3064e-06,-2.31191e-06,-2.59651e-09,3.97305
2.18223e-06,-2.18743e-06,-2.45669e-09,3.97305
-1.75496e-07,1.75634e-07,1.96207e-10,3.97305
-1.19167e-07,1.19178e-07,1.32831e-10,3.97305
-6.25994e-08,6.24845e-08,6.91892e-11,3.97305
0,-0,0,3.97305
0,-0,0,3.97305
1.07478e-07,-1.07973e-07,-1.22153e-10,3.97305
1.63956e-07,-1.64576e-07,-1.85689e-10,3.97305
2.20106e-07,-2.20849e-07,-2.48855e-10,3.97305
2.75815e-07,-2.76682e-07,-3.11522e-10,3.97305
3.30973e-07,-3.31961e-07,-3.73567e-10,3.97305
3.85469e-07,-3.86575e-07,-4.34865e-10,3.97305
4.39194e-07,-4.40417e-07,-4.95294e-10,3.97305
4.9204e-07,-4.93378e-07,-5.54732e-10,3.97305
5.43903e-07,-5.45352e-07,-6.1306e-10,3.97305
5.94678e-07,-5.96236e-07,-6.70163e-10,3.97305
6.44263e-07,-6.45927e-07,-7.25925e-10,3.97305
6.9256e-07,-6.94326e-07,-7.80236e-10,3.97305
7.39472e-07,-7.41337e-07,-8.32986e-10,3.97305
7.84904e-07,-7.86864e-07,-8.84071e-10,3.97305
8.28767e-07,-8.30818e-07,-9.33387e-10,3.97305
8.70973e-07,-8.73111e-07,-9.80837e-10,3.97305
9.11436e-07,-9.13657e-07,-1.02632e-09,3.97305
9.50077e-07,-9.52376e-07,-1.06976e-09,3.97305
9.86818e-07,-9.8919e-07,-1.11106e-09,3.97305
1.02158e-06,-1.02403e-06,-1.15013e-09,3.97305
1.05431e-06,-1.05681e-06,-1.1869e-09,3.97305
1.08492e-06,-1.08749e-06,-1.2213e-09,3.97305
1.11337e-06,-1.11599e-06,-1.25326e-09,3.97305
1.13959e-06,-1.14225e-06,-1.28271e-09,3.97305
1.16353e-06,-1.16624e-06,-1.3096e-09,3.97305
1.18514e-06,-1.18789e-06,-1.33387e-09,3.97305
1.20438e-06,-1.20716e-06,-1.35546e-09,3.97305
1.22121e-06,-1.22402e-06,-1.37435e-09,3.97305
1.2356e-06,-1.23843e-06,-1.39049e-09,3.97305
1.24752e-06,-1.25037e-06,-1.40385e-09,3.97305
1.25695e-06,-1.2598e-06,-1.4144e-09,3.97305
1.26386e-06,-1.26672e-06,-1.42212e-09,3.97305
1.26824e-06,-1.2711e-06,-1.427e-09,3.97305
1.27009e-06,-1.27294e-06,-1.42902e-09,3.97305
1.26939e-06,-1.27223e-06,-1.42819e-09,3.97305
1.26616e-06,-1.26898e-06,-1.4245e-09,3.97305
1.2604e-06,-1.26319e-06,-1.41796e-09,3.97305
1.25211e-06,-1.25488e-06,-1.40858e-09,3.97305
1.24132e-06,-1.24405e-06,-1.39639e-09,3.97305
1.22805e-06,-1.23074e-06,-1.3814e-09,3.97305
1.21232e-06,-1.21496e-06,-1.36365e-09,3.97305
0.000407788,-0.000408509,-4.58776e-07,3.97305
-2.30551e-05,2.3094e-05,2.59406e-08,3.97305
-2.19983e-05,2.20355e-05,2.475e-08,3.97305
-2.09821e-05,2.10177e-05,2.36053e-08,3.97305
-2.00052e-05,2.00391e-05,2.25051e-08,3.97305
-1.90664e-05,1.90989e-05,2.1448e-08,3.97305
-0.000425478,0.000426242,4.78678e-07,3.97305
6.16751e-06,-6.17823e-06,-6.94261e-09,3.97305
5.88921e-06,-5.89945e-06,-6.62939e-09,3.97305
5.6214e-06,-5.63116e-06,-6.32797e-09,3.97305
5.36378e-06,-5.37309e-06,-6.038e-09,3.97305
5.11603e-06,-5.12491e-06,-5.75914e-09,3.97305
4.87787e-06,-4.88634e-06,-5.49106e-09,3.97305
4.64901e-06,-4.65707e-06,-5.23345e-09,3.97305
4.42917e-06,-4.43684e-06,-4.98597e-09,3.97305
4.21805e-06,-4.22535e-06,-4.74832e-09,3.97305
4.01538e-06,-4.02233e-06,-4.52017e-09,3.97305
3.8209e-06,-3.82751e-06,-4.30124e-09,3.97305
3.63433e-06,-3.64061e-06,-4.09121e-09,3.97305
3.45542e-06,-3.46139e-06,-3.8898e-09,3.97305
3.28392e-06,-3.28958e-06,-3.69672e-09,3.97305
3.11956e-06,-3.12494e-06,-3.51169e-09,3.97305
2.96211e-06,-2.96722e-06,-3.33444e-09,3.97305
2.81134e-06,-2.81618e-06,-3.1647e-09,3.97305
2.66701e-06,-2.6716e-06,-3.0022e-09,3.97305
2.52888e-06,-2.53323e-06,-2.8467e-09,3.97305
2.39675e-06,-2.40087e-06,-2.69794e-09,3.97305
2.2704e-06,-2.2743e-06,-2.55569e-09,3.97305
2.14961e-06,-2.1533e-06,-2.41971e-09,3.97305
-2.27681e-07,2.27968e-07,2.55194e-10,3.97305
-1.70679e-07,1.70871e-07,1.9106e-10,3.97305
-1.13336e-07,1.13432e-07,1.26543e-10,3.97305
2.30281e-06,-2.30663e-06,-2.5908e-09,3.97305
0,-0,0,3.97305
0,-0,0,3.97305
1.03128e-07,-1.03391e-07,-1.16992e-10,3.97305
1.55887e-07,-1.56237e-07,-1.76347e-10,3.97305
2.08333e-07,-2.0877e-07,-2.35349e-10,3.97305
2.60363e-07,-2.60886e-07,-2.93881e-10,3.97305
3.11872e-07,-3.1248e-07,-3.51825e-10,3.97305
3.62758e-07,-3.63449e-07,-4.09066e-10,3.97305
4.12918e-07,-4.13691e-07,-4.65488e-10,3.97305
4.62252e-07,-4.63105e-07,-5.2098e-10,3.97305
5.10661e-07,-5.11594e-07,-5.7543e-10,3.97305
5.58049e-07,-5.59059e-07,-6.28729e-10,3.97305
6.04321e-07,-6.05406e-07,-6.80771e-10,3.97305
6.49385e-07,-6.50542e-07,-7.31451e-10,3.97305
6.9315e-07,-6.94378e-07,-7.80669e-10,3.97305
7.35528e-07,-7.36824e-07,-8.28325e-10,3.97305
7.76435e-07,-7.77797e-07,-8.74325e-10,3.97305
8.1579e-07,-8.17214e-07,-9.18576e-10,3.97305
8.53513e-07,-8.54997e-07,-9.6099e-10,3.97305
8.89529e-07,-8.9107e-07,-1.00148e-09,3.97305
9.23766e-07,-9.2536e-07,-1.03997e-09,3.97305
9.56155e-07,-9.578e-07,-1.07638e-09,3.97305
9.86632e-07,-9.88325e-07,-1.11064e-09,3.97305
1.01514e-06,-1.01687e-06,-1.14267e-09,3.97305
1.04161e-06,-1.04339e-06,-1.17242e-09,3.97305
1.066e-06,-1.06781e-06,-1.19983e-09,3.97305
1.08826e-06,-1.09011e-06,-1.22483e-09,3.97305
1.10834e-06,-1.11022e-06,-1.24739e-09,3.97305
1.1262e-06,-1.12811e-06,-1.26745e-09,3.97305
1.14182e-06,-1.14374e-06,-1.28498e-09,3.97305
1.15515e-06,-1.15709e-06,-1.29993e-09,3.97305
1.16616e-06,-1.16812e-06,-1.31229e-09,3.97305
1.17485e-06,-1.17682e-06,-1.32202e-09,3.97305
1.18119e-06,-1.18316e-06,-1.32911e-09,3.97305
1.18516e-06,-1.18714e-06,-1.33354e-09,3.97305
1.18677e-06,-1.18874e-06,-1.3353e-09,3.97305
1.186e-06,-1.18797e-06,-1.3344e-09,3.97305
1.18285e-06,-1.18482e-06,-1.33082e-09,3.97305
