dt,xi_x,xi_y,xi_z,dot_xi_x,dot_xi_y,dot_xi_z
0.01,0,0,0,0,0,238.383
0.01,2.20391,2.20391,12.7887,-132.235,-132.235,-1002.81
0.01,2.22697,2.22697,12.2921,-59.2333,-59.2333,-685.054
0.01,2.24135,2.24135,11.8186,-34.1639,-34.164,-542.882
0.01,2.24744,2.24744,11.3674,-27.9856,-27.986,-471.513
0.01,2.24566,2.24566,10.9376,-29.0819,-29.0826,-429.011
0.01,2.2364,2.2364,10.5284,-32.8071,-32.8083,-398.579
0.01,2.2201,2.2201,10.1389,-37.3054,-37.3071,-373.478
0.01,2.19717,2.19717,9.76861,-41.8372,-41.8396,-350.999
0.01,2.16803,2.16802,9.41663,-46.1112,-46.1142,-330.038
0.01,2.1331,2.13309,9.0823,-50.0159,-50.0196,-310.146
0.01,2.0928,2.09278,8.76494,-53.513,-53.5174,-291.13
0.01,2.04754,2.04751,8.46387,-56.5941,-56.5992,-272.902
0.01,1.99773,1.99769,8.17843,-59.2636,-59.2693,-255.42
0.01,1.94376,1.94372,7.90798,-61.5318,-61.5383,-238.659
0.01,1.88605,1.886,7.65188,-63.4121,-63.419,-222.601
0.01,1.82496,1.8249,7.40949,-64.9195,-64.927,-207.233
0.01,1.76087,1.7608,7.18018,-66.0704,-66.0782,-192.542
0.01,1.69414,1.69406,6.96335,-66.8818,-66.8899,-178.517
0.01,1.62513,1.62504,6.75839,-67.3712,-67.3796,-165.144
0.01,1.55417,1.55406,6.56468,-67.557,-67.5654,-152.414
0.01,1.48157,1.48146,6.38165,-67.4572,-67.4658,-140.313
0.01,1.40766,1.40753,6.2087,-67.0905,-67.099,-128.828
0.01,1.33272,1.33258,6.04527,-66.4746,-66.4831,-117.943
0.01,1.25703,1.25688,5.89079,-65.6277,-65.636,-107.645
0.01,1.18086,1.1807,5.74472,-64.5673,-64.5751,-97.9163
0.01,1.10446,1.10429,5.60651,-63.3099,-63.3175,-88.7393
0.01,1.02806,1.02788,5.47566,-61.8719,-61.879,-80.0963
0.01,0.951893,0.951693,5.35166,-60.2689,-60.2755,-71.9659
0.01,0.87616,0.875948,5.23403,-58.5153,-58.5214,-64.3287
0.01,0.80106,0.800839,5.1223,-56.6248,-56.6304,-57.1624
0.01,0.726781,0.726551,5.01602,-54.6107,-54.6156,-50.4441
0.01,0.653499,0.653259,4.91478,-52.4848,-52.4889,-44.152
0.01,0.581377,0.581129,4.81818,-50.2581,-50.2615,-38.2609
0.01,0.510571,0.510315,4.72583,-47.9416,-47.9444,-32.7464
0.01,0.441227,0.440965,4.63739,-45.5447,-45.5465,-27.5854
0.01,0.373484,0.373217,4.55252,-43.0767,-43.0778,-22.7503
0.01,0.307472,0.307199,4.47093,-40.5461,-40.5467,-18.2192
0.01,0.243311,0.243034,4.39235,-37.9612,-37.9612,-13.9664
0.01,0.181118,0.180838,4.31651,-35.3301,-35.3295,-9.96753
0.01,0.120999,0.120716,4.2432,-32.66,-32.6589,-6.19835
0.01,0.0630554,0.062771,4.17222,-29.9589,-29.9571,-2.63736
0.01,0.0073787,0.00709331,4.1034,-27.2336,-27.2313,0.739511
0.01,-0.0459448,-0.0462309,4.03659,-24.4918,-24.4891,3.95225
0.01,-0.0968385,-0.0971243,3.97167,-21.7413,-21.7382,7.02188
0.01,-0.145233,-0.145518,3.90854,-18.9893,-18.9855,9.96598
0.01,-0.191068,-0.191352,3.84712,-16.2432,-16.2392,12.8015
0.01,-0.234291,-0.234573,3.78736,-13.5113,-13.5072,15.5459
0.01,-0.27486,-0.27514,3.72921,-10.8009,-10.7965,18.2112
0.01,-0.312742,-0.31302,3.67267,-8.12024,-8.11556,20.8116
0.01,-0.347914,-0.348189,3.61773,-5.47707,-5.47242,23.3562
0.01,-0.380364,-0.380636,3.5644,-2.87921,-2.87447,25.8531
0.01,-0.410089,-0.410358,3.51269,-0.334364,-0.329809,28.3109
0.01,-0.437097,-0.437363,3.46265,2.14976,2.15448,30.7324
0.01,-0.461406,-0.461669,3.41431,4.56621,4.57087,33.1228
0.01,-0.483046,-0.483306,3.36771,6.90795,6.91265,35.4833
0.01,-0.502055,-0.502311,3.32289,9.16858,9.1731,37.8121
0.01,-0.518481,-0.518734,3.27992,11.342,11.3468,40.1113
0.01,-0.532382,-0.532631,3.23883,13.4231,13.4277,42.3747
0.01,-0.543823,-0.544069,3.19966,15.4073,15.4116,44.6001
0.01,-0.552878,-0.553121,3.16246,17.2902,17.2946,46.7835
0.01,-0.559628,-0.559868,3.12725,19.0684,19.0726,48.9178
0.01,-0.564161,-0.564398,3.09407,20.7397,20.7434,50.9996
0.01,-0.566568,-0.566804,3.06292,22.3011,22.3049,53.0191
0.01,-0.56695,-0.567182,3.03383,23.7522,23.7559,54.9729
0.01,-0.565406,-0.565636,3.00678,25.0922,25.0956,56.8529
0.01,-0.562041,-0.562269,2.98176,26.321,26.3242,58.6533
0.01,-0.556964,-0.557189,2.95875,27.4388,27.4422,60.3676
0.01,-0.550283,-0.550506,2.93773,28.4473,28.4504,61.9909
0.01,-0.542108,-0.542329,2.91864,29.3473,29.3505,63.5178
0.01,-0.53255,-0.532769,2.90145,30.1415,30.1445,64.9431
0.01,-0.52172,-0.521937,2.88609,30.8315,30.8343,66.2656
0.01,-0.509729,-0.509943,2.87249,31.4199,31.4226,67.4804
0.01,-0.496684,-0.496897,2.86059,31.9098,31.9124,68.5852
0.01,-0.482696,-0.482906,2.8503,32.3035,32.3064,69.5801
0.01,-0.467871,-0.468079,2.84154,32.6048,32.6074,70.4638
0.01,-0.452314,-0.45252,2.83423,32.8162,32.819,71.2379
0.01,-0.436129,-0.436333,2.82828,32.9414,32.9438,71.9023
0.01,-0.419418,-0.41962,2.82359,32.9831,32.9858,72.4596
0.01,-0.402281,-0.402481,2.82007,32.945,32.9473,72.9129
0.01,-0.384815,-0.385013,2.81763,32.8299,32.8326,73.2657
0.01,-0.367117,-0.367312,2.81619,32.6418,32.6444,73.5211
0.01,-0.349277,-0.34947,2.81565,32.3834,32.3861,73.6845
0.01,-0.331387,-0.331578,2.81592,32.0587,32.0611,73.7607
0.01,-0.313535,-0.313724,2.81693,31.6705,31.6729,73.7551
0.01,-0.295806,-0.295992,2.81861,31.2226,31.225,73.6725
0.01,-0.278281,-0.278465,2.82087,30.7185,30.7211,73.5199
0.01,-0.261039,-0.26122,2.82365,30.1619,30.1644,73.3033
0.01,-0.244155,-0.244333,2.8269,29.5565,29.559,73.0276
0.01,-0.2277,-0.227876,2.83055,28.906,28.9083,72.6995
0.01,-0.211743,-0.211916,2.83455,28.2143,28.2167,72.3254
0.01,-0.196345,-0.196516,2.83887,27.4854,27.4879,71.9102
0.01,-0.181567,-0.181735,2.84346,26.7239,26.7262,71.4597
0.01,-0.167462,-0.167627,2.84829,25.9332,25.9356,70.9788
0.01,-0.154079,-0.154242,2.85334,25.1182,25.1204,70.4732
0.01,-0.141462,-0.141622,2.85858,24.2828,24.285,69.9467
0.01,-0.12965,-0.129808,2.86399,23.4317,23.4337,69.4034
0.01,-0.118676,-0.118831,2.86957,22.5689,22.5709,68.8475
0.01,-0.108567,-0.10872,2.87529,21.6989,21.7008,68.2821
0.01,-0.0993456,-0.0994956,2.88117,20.8261,20.828,67.71
0.01,-0.0910276,-0.0911752,2.88718,19.9547,19.9564,67.1332
0.01,-0.0836233,-0.0837686,2.89334,19.0888,19.0903,66.5543
0.01,-0.0771376,-0.0772806,2.89964,18.2323,18.2339,65.9744
0.01,-0.0715696,-0.0717104,2.90608,17.3891,17.3906,65.3949
0.01,-0.0669131,-0.0670519,2.91267,16.5629,16.5645,64.8167
0.01,-0.0631561,-0.0632932,2.91941,15.7574,15.7588,64.2399
0.01,-0.0602826,-0.0604176,2.92631,14.9756,14.9768,63.6652
0.01,-0.0582707,-0.058404,2.93335,14.2204,14.2216,63.0929
0.01,-0.0570947,-0.0572263,2.94056,13.4947,13.4958,62.5222
0.01,-0.0567243,-0.0568543,2.94792,12.801,12.8021,61.9528
0.01,-0.0571255,-0.057254,2.95545,12.1413,12.1424,61.3844
0.01,-0.0582605,-0.0583876,2.96313,11.5178,11.5188,60.8167
0.01,-0.0600887,-0.0602143,2.97097,10.9319,10.9327,60.2488
0.01,-0.0625659,-0.0626903,2.97897,10.3851,10.3858,59.6802
0.01,-0.0656462,-0.0657694,2.98712,9.87823,9.87884,59.1103
0.01,-0.0692816,-0.0694037,2.99541,9.41202,9.4127,58.5388
0.01,-0.0734217,-0.0735427,3.00384,8.98721,8.98775,57.9656
0.01,-0.0780156,-0.0781354,3.0124,8.60385,8.60438,57.3897
0.01,-0.0830109,-0.0831298,3.02109,8.26178,8.26239,56.8106
0.01,-0.0883547,-0.0884727,3.0299,7.96083,7.96138,56.2289
0.01,-0.0939941,-0.094111,3.03881,7.70062,7.70104,55.6445
0.01,-0.099876,-0.099992,3.04782,7.47993,7.48048,55.0568
0.01,-0.105948,-0.106063,3.05691,7.29808,7.29858,54.4668
0.01,-0.112158,-0.112272,3.06609,7.15396,7.15438,53.8739
0.01,-0.118455,-0.118568,3.07534,7.04608,7.04662,53.2791
0.01,-0.12479,-0.124901,3.08464,6.97287,6.97339,52.6823
0.01,-0.131114,-0.131225,3.094,6.93266,6.9332,52.0839
0.01,-0.137383,-0.137492,3.10341,6.92369,6.92434,51.485
0.01,-0.143551,-0.143659,3.11285,6.94403,6.9446,50.8855
0.01,-0.149576,-0.149683,3.12232,6.99147,6.99209,50.2865
0.01,-0.15542,-0.155525,3.13181,7.06401,7.0646,49.688
0.01,-0.161044,-0.161149,3.14132,7.15934,7.16004,49.0912
0.01,-0.166417,-0.166519,3.15084,7.27531,7.27608,48.4956
0.01,-0.171504,-0.171605,3.16037,7.40959,7.41037,47.9027
0.01,-0.17628,-0.176379,3.1699,7.55981,7.56052,47.3124
0.01,-0.180717,-0.180814,3.17943,7.72355,7.72435,46.7253
0.01,-0.184794,-0.18489,3.18896,7.89857,7.89941,46.1417
0.01,-0.188491,-0.188585,3.19848,8.08253,8.08342,45.5619
0.01,-0.191793,-0.191885,3.20799,8.2732,8.27411,44.9862
0.01,-0.194686,-0.194776,3.2175,8.46825,8.46924,44.4146
0.01,-0.19716,-0.197248,3.22699,8.66571,8.66659,43.8474
0.01,-0.199208,-0.199295,3.23647,8.86321,8.86421,43.2846
0.01,-0.200827,-0.200911,3.24593,9.059,9.05994,42.7263
0.01,-0.202015,-0.202097,3.25537,9.25095,9.2519,42.1725
0.01,-0.202774,-0.202854,3.2648,9.43736,9.43834,41.6229
0.01,-0.203107,-0.203185,3.2742,9.61649,9.61749,41.0775
0.01,-0.203023,-0.203098,3.28358,9.78679,9.78777,40.5364
0.01,-0.202529,-0.202602,3.29293,9.94682,9.94776,39.9991
0.01,-0.201637,-0.201708,3.30225,10.0951,10.0961,39.4657
0.01,-0.200361,-0.20043,3.31155,10.2307,10.2316,38.9361
0.01,-0.198716,-0.198782,3.3208,10.3523,10.3531,38.4099
0.01,-0.196719,-0.196783,3.33002,10.459,10.4599,37.8869
0.01,-0.194389,-0.194451,3.3392,10.5501,10.551,37.3674
0.01,-0.191746,-0.191806,3.34833,10.6249,10.6257,36.851
0.01,-0.188811,-0.188869,3.35741,10.6829,10.6836,36.3376
0.01,-0.185607,-0.185662,3.36644,10.7237,10.7244,35.8272
0.01,-0.182156,-0.18221,3.37541,10.7469,10.7476,35.3194
0.01,-0.178483,-0.178535,3.38431,10.7526,10.7533,34.8146
0.01,-0.174611,-0.174661,3.39315,10.7407,10.7413,34.3128
0.01,-0.170567,-0.170615,3.40192,10.7111,10.7117,33.814
0.01,-0.166374,-0.16642,3.41061,10.6644,10.6649,33.3179
0.01,-0.162057,-0.162101,3.41922,10.6006,10.601,32.8249
0.01,-0.157641,-0.157683,3.42775,10.5202,10.5207,32.3354
0.01,-0.15315,-0.153191,3.43619,10.4239,10.4243,31.8493
0.01,-0.148608,-0.148648,3.44453,10.3121,10.3124,31.3665
0.01,-0.144039,-0.144077,3.45279,10.1855,10.1858,30.8875
0.01,-0.139466,-0.139502,3.46094,10.045,10.0452,30.4123
0.01,-0.134909,-0.134944,3.469,9.89131,9.89145,29.9412
0.01,-0.130391,-0.130424,3.47695,9.72542,9.72547,29.4744
0.01,-0.12593,-0.125962,3.4848,9.54808,9.54811,29.0121
0.01,-0.121546,-0.121577,3.49254,9.36045,9.36045,28.5547
0.01,-0.117256,-0.117285,3.50017,9.16342,9.16338,28.1019
0.01,-0.113077,-0.113105,3.50769,8.95816,8.95802,27.6543
0.01,-0.109023,-0.10905,3.5151,8.74554,8.7454,27.2123
0.01,-0.105108,-0.105135,3.52241,8.52674,8.52659,26.7755
0.01,-0.101345,-0.101371,3.5296,8.30283,8.30263,26.3442
0.01,-0.0977448,-0.0977697,3.53668,8.07492,8.07465,25.9188
0.01,-0.0943163,-0.0943405,3.54365,7.84399,7.84364,25.4992
0.01,-0.0910678,-0.0910913,3.55052,7.61112,7.61074,25.0855
0.01,-0.088006,-0.0880288,3.55727,7.37729,7.3769,24.6778
0.01,-0.0851362,-0.0851582,3.56392,7.14355,7.14311,24.2762
0.01,-0.0824618,-0.0824834,3.57046,6.91085,6.91037,23.8808
0.01,-0.0799858,-0.080007,3.5769,6.68008,6.6796,23.4913
0.01,-0.0777092,-0.0777299,3.58323,6.45218,6.45167,23.1081
0.01,-0.0756318,-0.0756519,3.58947,6.22795,6.22736,22.7308
0.01,-0.0737521,-0.0737721,3.5956,6.00814,6.00758,22.3598
0.01,-0.0720679,-0.0720875,3.60164,5.79357,5.79295,21.9946
0.01,-0.0705755,-0.0705949,3.60758,5.58483,5.58421,21.6356
0.01,-0.0692702,-0.0692894,3.61342,5.38252,5.38193,21.2824
0.01,-0.0681465,-0.0681654,3.61917,5.1873,5.18667,20.9349
0.01,-0.067198,-0.0672167,3.62484,4.99955,4.99893,20.5933
0.01,-0.0664171,-0.0664357,3.63041,4.81979,4.81915,20.2573
0.01,-0.065796,-0.0658144,3.63589,4.64837,4.64772,19.9268
0.01,-0.065326,-0.0653442,3.64129,4.48555,4.48492,19.6019
0.01,-0.0649976,-0.0650159,3.6466,4.33163,4.33101,19.2821
0.01,-0.0648014,-0.0648196,3.65183,4.18679,4.18617,18.9675
0.01,-0.0647271,-0.0647452,3.65698,4.05116,4.0505,18.6583
0.01,-0.0647641,-0.0647823,3.66205,3.92477,3.92414,18.3541
0.01,-0.0649018,-0.0649199,3.66704,3.80765,3.80704,18.0547
0.01,-0.0651294,-0.0651473,3.67196,3.69976,3.69915,17.7603
0.01,-0.0654357,-0.0654535,3.67679,3.60099,3.6004,17.4706
0.01,-0.0658098,-0.0658274,3.68156,3.51122,3.51063,17.1856
0.01,-0.0662407,-0.0662583,3.68624,3.43023,3.42964,16.9053
0.01,-0.0667177,-0.0667353,3.69086,3.35783,3.35726,16.6294
0.01,-0.06723,-0.0672475,3.69541,3.29372,3.29315,16.3579
0.01,-0.0677675,-0.0677847,3.69988,3.23756,3.23705,16.0909
0.01,-0.0683198,-0.0683369,3.70429,3.18908,3.18858,15.8282
0.01,-0.0688773,-0.068894,3.70862,3.14782,3.14733,15.5695
0.01,-0.0694305,-0.0694471,3.71289,3.11345,3.11298,15.3152
0.01,-0.0699707,-0.0699869,3.7171,3.08554,3.08505,15.065
0.01,-0.0704894,-0.0705053,3.72124,3.06356,3.06317,14.8187
0.01,-0.0709787,-0.0709943,3.72532,3.04717,3.04677,14.5763
0.01,-0.0714313,-0.0714467,3.72933,3.03583,3.03546,14.338
0.01,-0.0718404,-0.0718555,3.73329,3.02911,3.02874,14.1036
0.01,-0.0721998,-0.0722146,3.73718,3.02648,3.02613,13.873
0.01,-0.0725042,-0.0725186,3.74101,3.02747,3.02713,13.646
0.01,-0.0727485,-0.0727624,3.74479,3.0316,3.03128,13.4228
0.01,-0.072928,-0.0729415,3.7485,3.03837,3.03807,13.2032
0.01,-0.0730395,-0.0730526,3.75216,3.04732,3.04704,12.9871
0.01,-0.0730797,-0.0730923,3.75577,3.05798,3.05771,12.7746
0.01,-0.0730461,-0.0730584,3.75932,3.06993,3.06966,12.5655
0.01,-0.0729371,-0.0729489,3.76281,3.08269,3.08242,12.3597
0.01,-0.0727512,-0.0727626,3.76625,3.09588,3.09563,12.1574
0.01,-0.072488,-0.0724989,3.76964,3.10903,3.10878,11.9583
0.01,-0.0721472,-0.0721576,3.77298,3.12181,3.12157,11.7624
0.01,-0.0717292,-0.0717391,3.77627,3.13385,3.13363,11.5696
0.01,-0.071235,-0.0712444,3.77951,3.14482,3.14458,11.3799
0.01,-0.0706661,-0.070675,3.78269,3.15437,3.15415,11.1933
0.01,-0.0700244,-0.0700328,3.78583,3.16226,3.16203,11.0096
0.01,-0.069312,-0.0693199,3.78893,3.16815,3.16795,10.8288
0.01,-0.068532,-0.0685393,3.79197,3.17191,3.17167,10.6509
0.01,-0.0676872,-0.0676941,3.79497,3.17325,3.17303,10.4758
0.01,-0.0667812,-0.0667876,3.79792,3.17202,3.17181,10.3035
0.01,-0.0658175,-0.0658236,3.80083,3.16804,3.16783,10.1338
0.01,-0.0648003,-0.0648059,3.80369,3.16122,3.16101,9.9668
0.01,-0.0637337,-0.063739,3.80651,3.15143,3.15122,9.80235
0.01,-0.0626222,-0.062627,3.80929,3.13862,3.13839,9.6405
0.01,-0.0614703,-0.0614747,3.81202,3.12272,3.12248,9.4812
0.01,-0.0602826,-0.0602867,3.81471,3.10372,3.10349,9.32428
0.01,-0.0590638,-0.0590677,3.81735,3.0816,3.08139,9.16982
0.01,-0.0578189,-0.0578223,3.81996,3.05644,3.05619,9.01779
0.01,-0.0565524,-0.0565557,3.82252,3.0282,3.02796,8.86804
0.01,-0.0552695,-0.0552723,3.82504,2.99701,2.99676,8.72065
0.01,-0.0539747,-0.053977,3.82752,2.96292,2.96264,8.57551
0.01,-0.0526726,-0.0526746,3.82996,2.92604,2.92576,8.43265
0.01,-0.051368,-0.0513695,3.83237,2.88652,2.88623,8.29204
0.01,-0.0500651,-0.0500663,3.83473,2.84445,2.84414,8.15365
0.01,-0.0487684,-0.0487692,3.83705,2.80001,2.79969,8.01742
0.01,-0.0474819,-0.0474825,3.83934,2.75333,2.75303,7.88332
0.01,-0.0462096,-0.0462101,3.84159,2.7046,2.70429,7.75134
0.01,-0.0449554,-0.0449556,3.8438,2.65401,2.65369,7.62146
0.01,-0.0437227,-0.0437225,3.84598,2.60173,2.6014,7.49366
0.01,-0.0425147,-0.0425144,3.84812,2.54796,2.54764,7.3678
0.01,-0.0413344,-0.0413341,3.85022,2.4929,2.49256,7.24409
0.01,-0.040185,-0.0401843,3.85229,2.43673,2.43637,7.12236
0.01,-0.0390685,-0.0390678,3.85432,2.37967,2.37931,7.00259
0.01,-0.0379876,-0.0379866,3.85632,2.32193,2.32155,6.88479
0.01,-0.0369441,-0.0369428,3.85828,2.26366,2.26329,6.76896
0.01,-0.0359396,-0.0359383,3.86022,2.20511,2.20473,6.65494
0.01,-0.0349758,-0.0349742,3.86212,2.14648,2.14609,6.5428
0.01,-0.0340537,-0.0340521,3.86398,2.08799,2.0876,6.43262
0.01,-0.0331741,-0.0331725,3.86582,2.02975,2.02936,6.32423
0.01,-0.0323377,-0.0323362,3.86762,1.97198,1.97158,6.2177
0.01,-0.0315451,-0.0315433,3.86939,1.91483,1.91444,6.11296
0.01,-0.0307961,-0.0307941,3.87114,1.85846,1.85804,6.00991
0.01,-0.0300908,-0.0300888,3.87285,1.80301,1.8026,5.90865
0.01,-0.0294287,-0.0294267,3.87453,1.74866,1.74825,5.80906
0.01,-0.0288094,-0.0288074,3.87619,1.69552,1.69511,5.71124
0.01,-0.028232,-0.0282301,3.87782,1.64378,1.64337,5.615
0.01,-0.0276957,-0.0276938,3.87942,1.59349,1.59308,5.52048
0.01,-0.0271993,-0.0271974,3.88099,1.54477,1.54436,5.4274
0.01,-0.0267414,-0.0267396,3.88253,1.4977,1.49729,5.33601
0.01,-0.0263205,-0.0263187,3.88405,1.45236,1.45195,5.2462
0.01,-0.0259348,-0.0259334,3.88555,1.40872,1.40833,5.15788
0.01,-0.0255832,-0.0255817,3.88702,1.36696,1.36657,5.07112
0.01,-0.0252635,-0.0252621,3.88846,1.32709,1.32669,4.98581
0.01,-0.0249738,-0.0249724,3.88988,1.28916,1.28876,4.90191
0.01,-0.024712,-0.0247106,3.89127,1.25315,1.25275,4.81943
0.01,-0.0244763,-0.024475,3.89264,1.21908,1.2187,4.73832
0.01,-0.0242645,-0.0242631,3.89399,1.18698,1.1866,4.65868
0.01,-0.0240744,-0.024073,3.89532,1.15681,1.15642,4.58036
0.01,-0.0239037,-0.0239026,3.89662,1.12858,1.12821,4.50335
0.01,-0.0237507,-0.0237495,3.8979,1.10222,1.10186,4.42768
0.01,-0.0236129,-0.0236116,3.89916,1.07767,1.07731,4.35329
0.01,-0.0234881,-0.0234871,3.9004,1.05493,1.05459,4.28018
0.01,-0.0233744,-0.0233736,3.90162,1.03393,1.03359,4.20824
0.01,-0.0232699,-0.023269,3.90282,1.01463,1.0143,4.13756
0.01,-0.0231725,-0.0231716,3.90399,0.99694,0.99661,4.06807
0.01,-0.0230803,-0.0230793,3.90515,0.980813,0.980485,3.99971
0.01,-0.0229913,-0.0229902,3.90629,0.966147,0.965821,3.93253
0.01,-0.0229037,-0.0229028,3.90741,0.952838,0.952536,3.86655
0.01,-0.0228161,-0.0228153,3.90851,0.940825,0.940535,3.80162
0.01,-0.0227268,-0.0227261,3.90959,0.930051,0.929773,3.73781
0.01,-0.0226342,-0.0226337,3.91065,0.920391,0.920115,3.67503
0.01,-0.0225373,-0.0225368,3.9117,0.911755,0.91149,3.61334
0.01,-0.0224346,-0.0224342,3.91273,0.904049,0.903794,3.55268
0.01,-0.022325,-0.0223247,3.91374,0.897199,0.896952,3.49303
0.01,-0.0222074,-0.0222072,3.91473,0.891073,0.89083,3.43447
0.01,-0.0220811,-0.0220809,3.91571,0.885541,0.885306,3.37685
0.01,-0.0219455,-0.0219451,3.91667,0.880571,0.880336,3.32019
0.01,-0.0217996,-0.0217993,3.91762,0.876113,0.875895,3.26446
0.01,-0.021643,-0.0216427,3.91855,0.872015,0.871802,3.20973
0.01,-0.0214753,-0.021475,3.91946,0.868179,0.867971,3.15586
0.01,-0.0212962,-0.0212959,3.92036,0.864624,0.864427,3.10298
0.01,-0.0211055,-0.021105,3.92125,0.861205,0.861002,3.05087
0.01,-0.020903,-0.0209025,3.92212,0.857845,0.857657,2.99969
0.01,-0.0206888,-0.0206881,3.92297,0.854446,0.85425,2.94937
0.01,-0.0204629,-0.0204621,3.92381,0.851017,0.850835,2.89996
0.01,-0.0202255,-0.0202246,3.92464,0.847424,0.847251,2.85134
0.01,-0.0199771,-0.019976,3.92545,0.843628,0.843452,2.80352
0.01,-0.019718,-0.0197168,3.92625,0.83958,0.839413,2.75648
0.01,-0.0194484,-0.0194472,3.92704,0.835258,0.835093,2.71028
0.01,-0.019169,-0.0191678,3.92781,0.83059,0.830431,2.66482
0.01,-0.0188804,-0.0188791,3.92857,0.825544,0.825387,2.62006
0.01,-0.0185834,-0.0185818,3.92932,0.820107,0.819937,2.57616
0.01,-0.0182783,-0.0182766,3.93005,0.81425,0.81409,2.53294
0.01,-0.0179659,-0.0179642,3.93078,0.807905,0.807749,2.49039
0.01,-0.0176474,-0.0176456,3.93149,0.801122,0.800965,2.44866
0.01,-0.0173231,-0.0173213,3.93219,0.793906,0.793752,2.40746
0.01,-0.0169941,-0.016992,3.93288,0.786247,0.786077,2.36698
0.01,-0.016661,-0.0166588,3.93355,0.778064,0.777897,2.32731
0.01,-0.0163245,-0.0163223,3.93422,0.769386,0.769227,2.28813
0.01,-0.0159859,-0.0159834,3.93487,0.760259,0.760087,2.24983
0.01,-0.0156456,-0.015643,3.93551,0.750561,0.750391,2.21201
0.01,-0.0153048,-0.0153022,3.93614,0.740455,0.740285,2.1749
0.01,-0.0149642,-0.0149616,3.93677,0.729954,0.729785,2.13833
0.01,-0.0146247,-0.0146218,3.93738,0.718987,0.718805,2.10237
0.01,-0.0142868,-0.0142839,3.93798,0.707585,0.707406,2.06703
0.01,-0.0139517,-0.0139488,3.93857,0.695872,0.69569,2.03231
0.01,-0.01362,-0.013617,3.93915,0.683758,0.683576,1.9981
0.01,-0.0132923,-0.0132893,3.93972,0.671297,0.671114,1.96451
0.01,-0.0129695,-0.0129665,3.94028,0.658613,0.658424,1.9315
0.01,-0.012652,-0.012649,3.94083,0.645702,0.645514,1.899
0.01,-0.0123403,-0.0123373,3.94138,0.632563,0.63237,1.86701
0.01,-0.0120352,-0.0120322,3.94191,0.619186,0.618992,1.83559
0.01,-0.0117372,-0.0117342,3.94243,0.605645,0.605448,1.80469
0.01,-0.0114466,-0.0114437,3.94295,0.591941,0.591744,1.77424
0.01,-0.011164,-0.0111611,3.94346,0.578185,0.577987,1.74439
0.01,-0.0108899,-0.0108869,3.94395,0.5644,0.564201,1.71507
0.01,-0.0106243,-0.0106214,3.94444,0.550669,0.550466,1.68625
0.01,-0.0103674,-0.0103645,3.94493,0.536875,0.53667,1.65784
0.01,-0.0101196,-0.0101169,3.9454,0.523233,0.523043,1.62997
0.01,-0.00988105,-0.00987837,3.94587,0.509521,0.509321,1.60246
0.01,-0.00965204,-0.00964937,3.94633,0.495906,0.495705,1.57537
0.01,-0.00943258,-0.00943017,3.94677,0.482561,0.482373,1.54891
0.01,-0.00922269,-0.00922029,3.94722,0.469384,0.469186,1.52276
0.01,-0.00902225,-0.00901986,3.94765,0.456443,0.456246,1.49717
0.01,-0.00883112,-0.00882874,3.94808,0.443749,0.443552,1.47191
0.01,-0.00864922,-0.00864685,3.9485,0.431435,0.431238,1.44711
0.01,-0.00847619,-0.00847383,3.94891,0.419341,0.419144,1.42281
0.01,-0.0083121,-0.00830974,3.94932,0.407579,0.407385,1.39882
0.01,-0.00815668,-0.00815432,3.94972,0.39615,0.395957,1.37527
0.01,-0.0080095,-0.00800738,3.95011,0.385186,0.38501,1.35216
0.01,-0.00787004,-0.00786815,3.9505,0.37454,0.37437,1.32937
0.01,-0.00773846,-0.00773657,3.95088,0.36434,0.364162,1.30704
0.01,-0.00761388,-0.00761221,3.95125,0.354376,0.354211,1.28494
0.01,-0.00749655,-0.00749486,3.95162,0.344788,0.344617,1.26332
0.01,-0.00738592,-0.00738421,3.95198,0.335566,0.335394,1.24205
0.01,-0.00728172,-0.00727998,3.95233,0.326879,0.326712,1.2211
0.01,-0.0071831,-0.00718156,3.95268,0.318553,0.318401,1.20064
0.01,-0.00708992,-0.00708858,3.95302,0.31053,0.310387,1.1804
0.01,-0.00700206,-0.00700067,3.95336,0.302969,0.302818,1.16054
0.01,-0.0069188,-0.00691736,3.95369,0.295871,0.295722,1.14109
0.01,-0.00683948,-0.00683822,3.95402,0.289019,0.288885,1.12191
0.01,-0.00676438,-0.00676305,3.95434,0.282566,0.282428,1.10301
0.01,-0.00669267,-0.00669127,3.95465,0.276489,0.276349,1.08438
0.01,-0.00662404,-0.00662257,3.95496,0.270783,0.270648,1.06611
0.01,-0.006558,-0.00655668,3.95527,0.265423,0.265302,1.04822
0.01,-0.00649432,-0.00649291,3.95556,0.260389,0.260264,1.03063
0.01,-0.00643258,-0.00643109,3.95586,0.255436,0.255312,1.01337
0.01,-0.00637284,-0.00637149,3.95615,0.250699,0.250588,0.996319
0.01,-0.00631497,-0.00631352,3.95643,0.24642,0.246305,0.979509
0.01,-0.00625818,-0.00625663,3.95671,0.24243,0.242312,0.963092
0.01,-0.00620216,-0.00620074,3.95699,0.238662,0.238559,0.946821
0.01,-0.00614665,-0.00614536,3.95726,0.235072,0.234977,0.930903
0.01,-0.00609167,-0.00609051,3.95752,0.231879,0.231789,0.915246
0.01,-0.00603656,-0.00603552,3.95778,0.228881,0.228795,0.899849
0.01,-0.00598116,-0.00598024,3.95804,0.226012,0.225929,0.884698
0.01,-0.00592534,-0.00592453,3.95829,0.223475,0.223397,0.869742
0.01,-0.00586875,-0.00586782,3.95854,0.221081,0.220992,0.855159
0.01,-0.0058111,-0.00581026,3.95879,0.21875,0.218673,0.84073
0.01,-0.00575256,-0.00575158,3.95903,0.216472,0.216389,0.826599
0.01,-0.0056931,-0.00569198,3.95926,0.214463,0.214378,0.812729
0.01,-0.00563221,-0.00563094,3.95949,0.212521,0.212437,0.799146
0.01,-0.00556991,-0.00556849,3.95972,0.210838,0.210754,0.785707
0.01,-0.00550573,-0.00550415,3.95994,0.209195,0.209111,0.772492
0.01,-0.00543973,-0.00543824,3.96017,0.207534,0.207465,0.759453
0.01,-0.005372,-0.00537059,3.96038,0.205829,0.205763,0.746763
0.01,-0.00530286,-0.0053013,3.96059,0.204072,0.203997,0.734203
0.01,-0.00523218,-0.0052307,3.9608,0.202237,0.202169,0.721872
0.01,-0.0051603,-0.00515891,3.96101,0.200596,0.200534,0.709623
0.01,-0.0050868,-0.00508549,3.96121,0.198937,0.198876,0.697701
0.01,-0.00501183,-0.00501036,3.96141,0.197474,0.1974,0.685923
0.01,-0.00493498,-0.00493336,3.96161,0.195696,0.195617,0.674363
0.01,-0.00485702,-0.00485524,3.9618,0.194037,0.193955,0.663004
0.01,-0.00477753,-0.00477583,3.96199,0.192305,0.192235,0.651962
0.01,-0.00469671,-0.0046951,3.96218,0.190454,0.190388,0.641028
0.01,-0.00461502,-0.00461326,3.96236,0.188477,0.188399,0.630177
0.01,-0.00453242,-0.00453075,3.96254,0.186345,0.186274,0.619612
0.01,-0.00444937,-0.00444779,3.96272,0.184374,0.184307,0.609115
0.01,-0.00436546,-0.00436398,3.96289,0.182321,0.182254,0.598882
0.01,-0.00428095,-0.00427956,3.96306,0.180123,0.180056,0.588845
0.01,-0.00419611,-0.00419481,3.96323,0.177755,0.177688,0.579024
0.01,-0.00411118,-0.00410998,3.96339,0.175201,0.175135,0.569284
0.01,-0.00402669,-0.00402558,3.96356,0.172809,0.172744,0.55969
0.01,-0.00394221,-0.00394095,3.96372,0.170307,0.17023,0.550284
0.01,-0.00385805,-0.00385664,3.96387,0.167627,0.167545,0.540966
0.01,-0.00377453,-0.00377297,3.96403,0.1651,0.165016,0.531813
0.01,-0.00369121,-0.00368974,3.96418,0.162439,0.162367,0.522945
0.01,-0.00360846,-0.00360708,3.96433,0.159569,0.159503,0.514073
0.01,-0.00352687,-0.00352557,3.96448,0.156862,0.156797,0.505499
0.01,-0.00344601,-0.00344456,3.96462,0.153999,0.153922,0.496979
0.01,-0.00336627,-0.00336468,3.96476,0.150901,0.150817,0.488635
0.01,-0.00328808,-0.00328657,3.9649,0.147946,0.147874,0.480419
0.01,-0.00321121,-0.00320956,3.96504,0.144818,0.144736,0.472434
0.01,-0.0031359,-0.00313434,3.96517,0.141846,0.141774,0.464423
0.01,-0.00306193,-0.00306046,3.96531,0.138683,0.138614,0.456519
0.01,-0.00298981,-0.00298843,3.96544,0.135685,0.135618,0.448785
0.01,-0.00291933,-0.00291781,3.96556,0.132476,0.132395,0.441362
0.01,-0.00285081,-0.00284938,3.96569,0.129415,0.129342,0.433957
0.01,-0.00278404,-0.00278271,3.96581,0.1266,0.126531,0.426684
0.01,-0.00271862,-0.00271738,3.96594,0.123556,0.123489,0.419475
0.01,-0.00265539,-0.00265401,3.96605,0.120676,0.120595,0.412519
0.01,-0.00259372,-0.00259243,3.96617,0.117491,0.117418,0.405521
0.01,-0.00253452,-0.00253332,3.96629,0.114446,0.114378,0.398643
0.01,-0.00247735,-0.00247601,3.9664,0.111629,0.111548,0.391965
0.01,-0.00242182,-0.00242057,3.96651,0.108501,0.10843,0.385451
0.01,-0.0023687,-0.00236754,3.96662,0.1055,0.105432,0.378912
0.01,-0.00231781,-0.00231675,3.96673,0.10273,0.102665,0.372583
0.01,-0.00226876,-0.00226754,3.96684,0.100209,0.100131,0.366367
0.01,-0.00222117,-0.00221981,3.96694,0.0973234,0.0972411,0.360039
0.01,-0.00217596,-0.00217468,3.96705,0.0945407,0.0944701,0.353985
0.01,-0.00213272,-0.00213153,3.96715,0.091955,0.0918899,0.34799
0.01,-0.00209133,-0.00208998,3.96725,0.089611,0.0895337,0.342113
0.01,-0.00205119,-0.00204993,3.96734,0.0874867,0.0874184,0.336356
0.01,-0.00201221,-0.00201104,3.96744,0.0849193,0.0848551,0.330672
0.01,-0.00197548,-0.0019744,3.96754,0.0824173,0.0823548,0.325048
0.01,-0.00194088,-0.00193964,3.96763,0.0801004,0.0800249,0.319667
0.01,-0.00190781,-0.00190666,3.96772,0.0779797,0.0779134,0.314326
0.01,-0.00187619,-0.00187489,3.96781,0.0760793,0.0760023,0.308969
0.01,-0.0018455,-0.00184428,3.9679,0.0743711,0.0743044,0.303734
0.01,-0.00181567,-0.00181453,3.96798,0.0728659,0.0728033,0.298703
0.01,-0.00178645,-0.0017854,3.96807,0.0707793,0.0707182,0.293692
0.01,-0.00175916,-0.0017582,3.96815,0.0686952,0.0686361,0.288816
0.01,-0.0017335,-0.00173261,3.96823,0.0667392,0.0666812,0.283946
0.01,-0.00170939,-0.00170858,3.96831,0.0649674,0.0649106,0.279232
0.01,-0.00168631,-0.00168559,3.96839,0.0633662,0.063311,0.274475
0.01,-0.00166425,-0.0016636,3.96847,0.0619508,0.0618979,0.2699
0.01,-0.00164271,-0.00164214,3.96855,0.0606927,0.0606415,0.265279
0.01,-0.00162171,-0.0016212,3.96863,0.0596025,0.0595535,0.260821
0.01,-0.00160103,-0.00160059,3.9687,0.0586632,0.0586165,0.25649
0.01,-0.00158047,-0.00158009,3.96877,0.0578633,0.057819,0.252265
0.01,-0.00155984,-0.00155953,3.96884,0.0571918,0.0571498,0.247921
0.01,-0.00153897,-0.00153872,3.96892,0.0566394,0.0565998,0.243698
0.01,-0.00151771,-0.00151751,3.96899,0.0552878,0.0552511,0.239613
0.01,-0.00149777,-0.00149762,3.96905,0.0538397,0.0538058,0.235576
0.01,-0.00147891,-0.0014788,3.96912,0.0524494,0.0524185,0.231622
0.01,-0.00146113,-0.00146083,3.96919,0.0511877,0.0511455,0.227772
0.01,-0.00144399,-0.00144372,3.96925,0.0500481,0.0500168,0.223902
0.01,-0.00142727,-0.00142704,3.96932,0.0490368,0.0490106,0.220159
0.01,-0.00141104,-0.00141084,3.96938,0.0481645,0.0481419,0.216465
0.01,-0.00139511,-0.00139494,3.96944,0.047417,0.047397,0.212755
0.01,-0.00137909,-0.00137895,3.9695,0.046769,0.0467511,0.209158
0.01,-0.00136306,-0.00136294,3.96956,0.0462346,0.0462186,0.205724
0.01,-0.00134688,-0.00134678,3.96962,0.045801,0.045787,0.202302
0.01,-0.00133042,-0.00133033,3.96968,0.0454585,0.0454463,0.198908
0.01,-0.00131331,-0.00131325,3.96973,0.0451737,0.0451632,0.195483
0.01,-0.00129572,-0.00129567,3.96979,0.0449632,0.0449548,0.1923
0.01,-0.00127755,-0.00127751,3.96984,0.0448203,0.0448137,0.189055
0.01,-0.00125871,-0.00125868,3.9699,0.0447419,0.044737,0.185832
0.01,-0.00123912,-0.00123886,3.96995,0.0447269,0.0447093,0.18279
0.01,-0.00121845,-0.00121819,3.97,0.0447602,0.0447532,0.179688
0.01,-0.00119685,-0.00119659,3.97005,0.0448645,0.0448627,0.17654
0.01,-0.00117424,-0.00117397,3.9701,0.0450341,0.0450352,0.173635
0.01,-0.00115028,-0.00115001,3.97016,0.0440515,0.0440553,0.170648
0.01,-0.0011276,-0.00112732,3.9702,0.042858,0.0428638,0.167806
0.01,-0.00110601,-0.00110572,3.97025,0.0416556,0.0416629,0.164896
0.01,-0.00108533,-0.00108504,3.9703,0.0405201,0.0405289,0.162184
0.01,-0.00106564,-0.00106533,3.97034,0.0394924,0.0395021,0.15955
0.01,-0.00104653,-0.0010462,3.97039,0.0385552,0.0385659,0.156789
0.01,-0.00102786,-0.00102752,3.97044,0.0377124,0.0377238,0.154175
0.01,-0.00100949,-0.00100913,3.97048,0.0369616,0.0369737,0.151654
0.01,-0.000991533,-0.000991159,3.97052,0.0363129,0.0363254,0.149081
0.01,-0.00097363,-0.000973238,3.97056,0.0357376,0.0357502,0.146573
0.01,-0.000955905,-0.000955495,3.9706,0.0352503,0.035263,0.144203
0.01,-0.000938017,-0.000937589,3.97065,0.0348249,0.0348373,0.141678
0.01,-0.000920106,-0.000919661,3.97069,0.0344764,0.0344886,0.139262
0.01,-0.000901844,-0.000901382,3.97073,0.0341658,0.0341774,0.136956
0.01,-0.000883414,-0.000882936,3.97077,0.0339081,0.0339193,0.134706
0.01,-0.000864522,-0.000864029,3.9708,0.0336812,0.0336916,0.132478
0.01,-0.000845352,-0.000844844,3.97084,0.0335046,0.0335144,0.130153
0.01,-0.000825608,-0.000825088,3.97088,0.0333581,0.0333671,0.127953
0.01,-0.000805473,-0.000804941,3.97092,0.0332621,0.0332703,0.125773
0.01,-0.00078489,-0.000784108,3.97095,0.0332103,0.0332032,0.123644
0.01,-0.000763564,-0.000762772,3.97099,0.0331862,0.0331867,0.121594
0.01,-0.000741676,-0.000740876,3.97102,0.0332115,0.0332143,0.119574
0.01,-0.000718932,-0.000718126,3.97106,0.0332662,0.0332691,0.11758
0.01,-0.000695514,-0.000694703,3.97109,0.0333708,0.0333728,0.115638
0.01,-0.000671127,-0.000670314,3.97112,0.0335044,0.0335052,0.113724
0.01,-0.000645954,-0.000645141,3.97115,0.0308118,0.0308144,0.111801
0.01,-0.000625858,-0.00062504,3.97119,0.0275184,0.0275236,0.109943
0.01,-0.000610473,-0.000609646,3.97122,0.0241315,0.0241394,0.108048
0.01,-0.000599688,-0.00059861,3.97125,0.0208607,0.0208568,0.106271
0.01,-0.000592938,-0.000591843,3.97128,0.0177539,0.0177611,0.104433
0.01,-0.000590147,-0.000589032,3.97131,0.014852,0.0148647,0.102691
0.01,-0.000591259,-0.000589883,3.97134,0.0121644,0.0121663,0.100874
0.01,-0.000595757,-0.000594355,3.97137,0.00965997,0.00967278,0.0991449
0.01,-0.000603375,-0.000601945,3.9714,0.00733463,0.00735262,0.0976057
0.01,-0.000614101,-0.000612641,3.97142,0.00519487,0.00521583,0.0959539
0.01,-0.0006277,-0.000626209,3.97145,0.00322371,0.00324656,0.0944128
0.01,-0.000643949,-0.000642424,3.97148,0.00140895,0.00143306,0.0927744
0.01,-0.000662636,-0.000661076,3.9715,-0.000259474,-0.000234146,0.0911732
0.01,-0.000683803,-0.000681967,3.97153,-0.00177591,-0.00176403,0.0895786
0.01,-0.000707022,-0.000705149,3.97156,-0.00317141,-0.00315022,0.0881519
0.01,-0.000732118,-0.000730206,3.97158,-0.00158238,-0.00156464,0.0867023
0.01,-0.000753266,-0.000751092,3.97161,0.000761773,0.000757992,0.0851851
0.01,-0.000770173,-0.000767989,3.97163,0.00330479,0.00330041,0.0836906
0.01,-0.000783253,-0.000781073,3.97165,0.00586933,0.00585885,0.0823717
0.01,-0.000792676,-0.000790277,3.97168,0.00837291,0.00834041,0.0809631
0.01,-0.00079837,-0.000796001,3.9717,0.0107712,0.0107385,0.0795765
0.01,-0.00080049,-0.000798166,3.97172,0.0130629,0.0130249,0.0783215
0.01,-0.000799189,-0.000796922,3.97174,0.01525,0.015205,0.0770283
0.01,-0.000794614,-0.000792415,3.97177,0.0173354,0.0172835,0.0756388
0.01,-0.000786666,-0.000784545,3.97179,0.0193087,0.0192501,0.0744991
0.01,-0.00077572,-0.000773686,3.97181,0.0211964,0.0211315,0.0732632
0.01,-0.000761667,-0.000759729,3.97183,0.0229826,0.0229122,0.0719309
0.01,-0.000744631,-0.000742797,3.97185,0.0246773,0.024602,0.070797
0.01,-0.000724734,-0.00072301,3.97187,0.0262869,0.0262072,0.0695591
0.01,-0.00070209,-0.000700481,3.97189,0.0278155,0.027732,0.0683441
0.01,-0.000676809,-0.000675321,3.97191,0.0292668,0.0291802,0.0672455
0.01,-0.000648998,-0.000647396,3.97193,0.0277786,0.0276813,0.0660954
0.01,-0.000624654,-0.000623167,3.97195,0.0255923,0.0255089,0.0650616
0.01,-0.000603535,-0.000602153,3.97197,0.0232242,0.02315,0.0639238
0.01,-0.00058541,-0.000584126,3.97198,0.020876,0.0208089,0.062911
0.01,-0.0005703,-0.000569104,3.972,0.018638,0.018577,0.0618677
0.01,-0.000557995,-0.000556881,3.97202,0.0165276,0.0164721,0.0607071
0.01,-0.000548299,-0.000547259,3.97204,0.0145474,0.014497,0.0597372
0.01,-0.000541024,-0.000540051,3.97205,0.0126944,0.0126488,0.0586491
0.01,-0.000535992,-0.00053508,3.97207,0.0109636,0.0109222,0.0577154
0.01,-0.000533035,-0.000532178,3.97209,0.00934897,0.00931181,0.0566406
0.01,-0.000532232,-0.000531424,3.9721,0.00785906,0.00782581,0.0557499
0.01,-0.000533193,-0.000532429,3.97212,0.00646523,0.00643557,0.0547409
0.01,-0.000536014,-0.000535289,3.97214,0.00518131,0.00515497,0.0538864
0.01,-0.000540558,-0.000539868,3.97215,0.00399532,0.00397222,0.0528688
0.01,-0.0005467,-0.000546039,3.97217,0.00289969,0.00287956,0.0520058
0.01,-0.000554316,-0.000553682,3.97218,0.00188838,0.00187105,0.0512514
0.01,-0.000563294,-0.000562682,3.9722,0.00095636,0.000941619,0.0503645
0.01,-0.000573525,-0.000572932,3.97221,9.90108e-05,8.66242e-05,0.0495577
0.01,-0.000584908,-0.000584331,3.97222,-0.000688069,-0.000698205,0.0486546
0.01,-0.000597347,-0.000596782,3.97224,-0.00140887,-0.00141685,0.0479145
0.01,-0.000610752,-0.000610197,3.97225,-0.00206729,-0.00207335,0.0470333
0.01,-0.000625275,-0.000624728,3.97227,-0.00265263,-0.00265698,0.0462255
0.01,-0.0006406,-0.000640057,3.97228,-0.00319139,-0.00319405,0.045557
0.01,-0.00065665,-0.000656109,3.97229,-0.00368172,-0.0036828,0.0447178
0.01,-0.000673594,-0.000673053,3.9723,-0.00411037,-0.00411009,0.0440197
0.01,-0.000691126,-0.000690584,3.97232,-0.00450245,-0.00450084,0.0431805
0.01,-0.000709423,-0.000708878,3.97233,-0.00197701,-0.0019765,0.0424814
0.01,-0.000722296,-0.000721751,3.97234,0.00120547,0.00120439,0.0418701
0.01,-0.000729791,-0.000729249,3.97235,0.00452123,0.0045184,0.0410442
0.01,-0.000732419,-0.000731882,3.97236,0.00779429,0.00778975,0.0404034
0.01,-0.000730202,-0.000729672,3.97238,0.0109308,0.0109246,0.0397902
0.01,-0.000723388,-0.000722631,3.97239,0.013912,0.0138899,0.039052
0.01,-0.000711978,-0.000711232,3.9724,0.0167214,0.0167055,0.0384607
0.01,-0.000696673,-0.000695944,3.97241,0.019399,0.0193839,0.0378466
0.01,-0.000677214,-0.000676504,3.97242,0.0219078,0.0218916,0.0371885
0.01,-0.000653806,-0.00065312,3.97243,0.0214013,0.0213863,0.0365448
0.01,-0.000632541,-0.000631875,3.97244,0.020128,0.0201145,0.0359888
0.01,-0.000613267,-0.000612619,3.97245,0.0186091,0.0185973,0.0353298
0.01,-0.000596316,-0.000595683,3.97246,0.0170787,0.0170685,0.0347519
0.01,-0.000581074,-0.000580454,3.97247,0.0155706,0.015562,0.0342398
0.01,-0.000567886,-0.000567278,3.97248,0.0141527,0.0141455,0.0335722
0.01,-0.000556152,-0.000555552,3.97249,0.0127924,0.0127865,0.0330086
0.01,-0.000546228,-0.000545636,3.9725,0.0115314,0.0115268,0.0324802
0.01,-0.000537527,-0.00053694,3.97251,0.0103267,0.0103233,0.0320101
0.01,-0.000530417,-0.000529834,3.97252,0.00921622,0.00921387,0.0313864
0.01,-0.000524797,-0.000524217,3.97253,0.00818418,0.00818285,0.0308428
0.01,-0.000520094,-0.000519515,3.97253,0.00719361,0.00719321,0.0304022
0.01,-0.000516693,-0.000516113,3.97254,0.00628501,0.00628543,0.029829
0.01,-0.000514507,-0.000513926,3.97255,0.00544394,0.00544518,0.0292778
0.01,-0.000513453,-0.00051287,3.97256,0.00466291,0.00466485,0.0288296
0.01,-0.000513454,-0.000512868,3.97257,0.00393709,0.00393969,0.0283804
0.01,-0.000514436,-0.000513846,3.97258,0.0032629,0.0032661,0.027813
0.01,-0.000516329,-0.000515734,3.97259,0.00263739,0.00264113,0.0273638
0.01,-0.00051859,-0.000518466,3.97259,0.00202911,0.00206192,0.026885
0.01,-0.000521633,-0.000521502,3.9726,0.00148132,0.00149743,0.026494
0.01,-0.000525399,-0.000525261,3.97261,0.000981323,0.000990983,0.0259924
0.01,-0.000529832,-0.000529687,3.97262,0.000523042,0.000530321,0.0254984
0.01,-0.000534879,-0.000534726,3.97262,0.00010211,0.000108629,0.0250778
0.01,-0.000540491,-0.000540329,3.97263,-0.000284091,-0.000277728,0.0246925
0.01,-0.000547097,-0.000546927,3.97264,-0.00060907,-0.00060264,0.0243883
0.01,-0.000554177,-0.000553998,3.97265,-0.000920694,-0.000914086,0.0238552
0.01,-0.000561689,-0.000561501,3.97265,-0.00121043,-0.00120364,0.0234337
0.01,-0.000569595,-0.000569396,3.97266,-0.00149116,-0.00148422,0.0230703
0.01,-0.000577888,-0.000577679,3.97267,-0.00176566,-0.00175855,0.0226917
0.01,-0.000586562,-0.000586344,3.97267,-0.0020347,-0.00202744,0.0224371
0.01,-0.000595612,-0.000595383,3.97268,-0.00229828,-0.00229089,0.0219259
0.01,-0.000605028,-0.000604789,3.97268,-0.0025561,-0.00254856,0.0215845
0.01,-0.000614804,-0.000614553,3.97269,-0.00280763,-0.00280003,0.0212202
0.01,-0.000624929,-0.000624668,3.9727,-0.00305253,-0.00304485,0.0208626
0.01,-0.000635871,-0.000635599,3.9727,-0.00326165,-0.00325387,0.0206079
0.01,-0.000647142,-0.000646859,3.97271,-0.0034803,-0.00347249,0.0201616
0.01,-0.000658732,-0.000658438,3.97271,-0.00369772,-0.00368984,0.0197535
0.01,-0.000670629,-0.000670324,3.97272,-0.00390933,-0.00390146,0.0193958
0.01,-0.00068282,-0.000682504,3.97273,-0.00411312,-0.00410521,0.0191269
0.01,-0.000695292,-0.000694965,3.97273,-0.00430795,-0.00430005,0.0188856
0.01,-0.000708509,-0.000708171,3.97273,-0.00159036,-0.00158381,0.0186291
0.01,-0.000716067,-0.00071572,3.97274,0.00175903,0.00176386,0.0181665
0.01,-0.000717793,-0.000717441,3.97275,0.00520873,0.00521182,0.0178232
0.01,-0.000714458,-0.000714103,3.97275,0.00860902,0.00861028,0.0175533
0.01,-0.000706342,-0.000705986,3.97276,0.0118768,0.0118763,0.0172529
0.01,-0.000693233,-0.000692879,3.97276,0.0149553,0.0149532,0.0170412
0.01,-0.000675386,-0.000675036,3.97277,0.0178557,0.0178519,0.016799
0.01,-0.00065352,-0.000653177,3.97277,0.0177517,0.0177478,0.0165491
0.01,-0.000633282,-0.000632944,3.97278,0.0168429,0.0168393,0.0161743
0.01,-0.000614552,-0.00061422,3.97278,0.0156601,0.015657,0.0159035
0.01,-0.000597695,-0.000597367,3.97278,0.0144423,0.0144397,0.015625
0.01,-0.000582124,-0.000581799,3.97279,0.0132256,0.0132234,0.0153313
0.01,-0.000568213,-0.000567891,3.97279,0.0120794,0.0120777,0.0151262
0.01,-0.000555387,-0.000555067,3.9728,0.0109725,0.0109711,0.0149565
0.01,-0.00054403,-0.000543711,3.9728,0.00994748,0.00994652,0.0147638
0.01,-0.000534051,-0.000533734,3.97281,0.00899107,0.00899047,0.0143957
0.01,-0.000524891,-0.000524574,3.97281,0.00806751,0.00806724,0.0140429
0.01,-0.000516944,-0.000516628,3.97281,0.00721804,0.00721807,0.0138597
0.01,-0.000510135,-0.000509819,3.97282,0.00642892,0.00642922,0.0135803
0.01,-0.000504392,-0.000504074,3.97282,0.00569306,0.00569362,0.0133896
0.01,-0.000499167,-0.000498848,3.97283,0.00497758,0.00497838,0.0132341
0.01,-0.000494873,-0.000494553,3.97283,0.00432508,0.0043261,0.0130558
0.01,-0.000491448,-0.000491126,3.97283,0.00372264,0.00372385,0.0128927
0.01,-0.000488832,-0.000488509,3.97284,0.00316378,0.00316517,0.0125008
0.01,-0.000486971,-0.000486645,3.97284,0.00264467,0.00264623,0.0122585
0.01,-0.00048581,-0.000485483,3.97285,0.00216257,0.00216427,0.0120592
0.01,-0.000485301,-0.000484971,3.97285,0.00171524,0.00171707,0.0117788
0.01,-0.000485396,-0.000485064,3.97285,0.00130073,0.00130266,0.0116606
0.01,-0.000486051,-0.000485715,3.97286,0.000917178,0.000919208,0.011446
0.01,-0.000487222,-0.000486884,3.97286,0.000562845,0.000564979,0.0112896
0.01,-0.000488871,-0.000488529,3.97286,0.000236392,0.000238609,0.0111256
0.01,-0.000490959,-0.000490614,3.97286,-6.41439e-05,-6.18603e-05,0.011035
0.01,-0.00049345,-0.000493102,3.97287,-0.000355855,-0.000353493,0.0108404
0.01,-0.000496344,-0.000495993,3.97287,-0.000643143,-0.000640726,0.0105438
0.01,-0.000499639,-0.000499284,3.97287,-0.000927437,-0.000924954,0.0103664
0.01,-0.000503332,-0.000502974,3.97288,-0.00120896,-0.00120643,0.0101509
0.01,-0.00050742,-0.000507058,3.97288,-0.00148747,-0.00148488,0.00994301
0.01,-0.000511897,-0.000511532,3.97288,-0.00176254,-0.00175991,0.009758
0.01,-0.00051676,-0.00051639,3.97289,-0.00203367,-0.00203101,0.00963116
0.01,-0.000522001,-0.000521628,3.97289,-0.00230033,-0.00229763,0.0094738
0.01,-0.000527615,-0.000527238,3.97289,-0.00256202,-0.00255929,0.00932407
0.01,-0.000533594,-0.000533213,3.97289,-0.00281819,-0.00281544,0.00923252
0.01,-0.000540406,-0.000540021,3.9729,-0.00303973,-0.00303696,0.00914097
0.01,-0.000547566,-0.000547177,3.9729,-0.00327192,-0.00326915,0.00903416
0.01,-0.000555065,-0.000554672,3.9729,-0.00350397,-0.00350119,0.00891209
0.01,-0.000562891,-0.000562495,3.9729,-0.0037313,-0.00372852,0.0086956
0.01,-0.000571035,-0.000570635,3.97291,-0.00395178,-0.00394901,0.00842094
0.01,-0.000579485,-0.00057908,3.97291,-0.00416433,-0.00416157,0.00825024
0.01,-0.000588705,-0.000588297,3.97291,-0.00433964,-0.00433689,0.00813007
0.01,-0.000598206,-0.000597794,3.97291,-0.00452296,-0.00452023,0.00798035
0.01,-0.000607975,-0.000607559,3.97292,-0.00470358,-0.00470089,0.0077858
0.01,-0.000617997,-0.000617577,3.97292,-0.00487698,-0.00487432,0.00773144
0.01,-0.000628259,-0.000627835,3.97292,-0.00504117,-0.00503854,0.00757313
0.01,-0.000639222,-0.000638795,3.97292,-0.00516654,-0.00516394,0.00751114
0.01,-0.000650395,-0.000649964,3.97292,-0.00529827,-0.00529573,0.00740337
0.01,-0.000661761,-0.000661327,3.97293,-0.0054257,-0.0054232,0.00731087
0.01,-0.000673306,-0.000672868,3.97293,-0.00554439,-0.00554197,0.00721836
0.01,-0.000685011,-0.00068457,3.97293,-0.00565245,-0.00565008,0.0071106
0.01,-0.000697338,-0.000696894,3.97293,-0.00572037,-0.00571807,0.007061
0.01,-0.000709792,-0.000709345,3.97293,-0.0029243,-0.00292389,0.00702667
0.01,-0.000716453,-0.000716006,3.97294,0.000509489,0.000507623,0.00672054
0.01,-0.000717635,-0.000717193,3.97294,0.00407148,0.00406727,0.00656986
0.01,-0.000713638,-0.000713203,3.97294,0.00756357,0.00755716,0.00640488
0.01,-0.00070427,-0.000703846,3.97294,0.0108836,0.010875,0.00629902
0.01,-0.000690283,-0.000689872,3.97295,0.0140531,0.0140426,0.00611973
0.01,-0.000671459,-0.000671064,3.97295,0.0141646,0.0141539,0.00606537
0.01,-0.00065394,-0.000653561,3.97295,0.0134713,0.013461,0.00595856
0.01,-0.000638101,-0.000637736,3.97295,0.0125261,0.0125164,0.00580692
0.01,-0.000623367,-0.000623015,3.97295,0.011491,0.0114819,0.00576687
0.01,-0.00061012,-0.000609781,3.97295,0.0104861,0.0104775,0.00567341
0.01,-0.000598274,-0.000597946,3.97296,0.00952899,0.00952099,0.00559521
0.01,-0.000587265,-0.000586949,3.97296,0.00859636,0.00858889,0.00551701
0.01,-0.000577492,-0.000577185,3.97296,0.00773441,0.00772746,0.00549698
0.01,-0.000568877,-0.000568579,3.97296,0.00693143,0.00692498,0.00539589
0.01,-0.000561347,-0.000561059,3.97296,0.00618119,0.00617521,0.00533104
0.01,-0.000554358,-0.000554077,3.97296,0.00545112,0.00544558,0.00525951
0.01,-0.00054832,-0.000548047,3.97296,0.00478399,0.00477886,0.00525475
0.01,-0.000543171,-0.000542905,3.97296,0.00416695,0.00416222,0.00521183
0.01,-0.000538852,-0.000538593,3.97296,0.00359357,0.00358921,0.00516129
0.01,-0.000535308,-0.000535054,3.97296,0.00306004,0.00305603,0.00513363
0.01,-0.000532486,-0.000532237,3.97297,0.00256366,0.00255997,0.00489235
0.01,-0.000530334,-0.000530091,3.97297,0.0021022,0.00209883,0.00470448
0.01,-0.000528807,-0.000528568,3.97297,0.00167371,0.00167063,0.00460529
0.01,-0.000527382,-0.000527147,3.97297,0.00124775,0.00124495,0.00451374
0.01,-0.000526493,-0.000526262,3.97298,0.000868402,0.000865865,0.0043993
0.01,-0.0005261,-0.000525872,3.97298,0.000523724,0.000521423,0.00427723
0.01,-0.000526165,-0.000525941,3.97298,0.00020846,0.000206385,0.00417042
0.01,-0.000526652,-0.00052643,3.97298,-8.085e-05,-8.27126e-05,0.00412941
0.01,-0.000527527,-0.000527308,3.97298,-0.000361811,-0.000363462,0.00407314
0.01,-0.00052879,-0.000528573,3.97298,-0.000638645,-0.000640113,0.00397205
0.01,-0.000530916,-0.0005307,3.97298,-0.000884194,-0.000885442,0.00390816
0.01,-0.000533425,-0.000533212,3.97298,-0.00114446,-0.00114551,0.00385857
0.01,-0.000536316,-0.000536104,3.97299,-0.00140892,-0.00140977,0.00377941
0.01,-0.000539584,-0.000539372,3.97299,-0.00167304,-0.00167367,0.00370026
0.01,-0.000543223,-0.000543013,3.97299,-0.00193469,-0.0019351,0.00370979
0.01,-0.00054723,-0.00054702,3.97299,-0.0021927,-0.00219291,0.00362301
0.01,-0.000551598,-0.000551388,3.97299,-0.00244632,-0.0024463,0.00361729
0.01,-0.00055632,-0.000556109,3.97299,-0.00269491,-0.0026947,0.00357437
0.01,-0.000561388,-0.000561177,3.97299,-0.00293795,-0.00293753,0.00350189
0.01,-0.000566794,-0.000566583,3.97299,-0.00317494,-0.00317429,0.00348091
0.01,-0.00057253,-0.000572318,3.97299,-0.00340539,-0.00340454,0.00345993
0.01,-0.000579062,-0.000578849,3.97299,-0.00360024,-0.00359917,0.00345421
0.01,-0.000585904,-0.000585689,3.97299,-0.0038048,-0.00380353,0.00340271
0.01,-0.000593045,-0.000592828,3.97299,-0.00400834,-0.00400687,0.00338173
0.01,-0.000600473,-0.000600254,3.97299,-0.00420633,-0.00420466,0.00335312
0.01,-0.000608177,-0.000607955,3.97299,-0.00439672,-0.00439486,0.00337601
0.01,-0.000616143,-0.000615918,3.97299,-0.00457849,-0.00457643,0.00333977
0.01,-0.000624836,-0.000624608,3.97299,-0.00472237,-0.00472013,0.00332546
0.01,-0.000633764,-0.000633533,3.973,-0.0048737,-0.00487126,0.00328159
0.01,-0.000642916,-0.000642681,3.973,-0.0050218,-0.0050192,0.00326824
0.01,-0.000652274,-0.000652035,3.973,-0.00516227,-0.00515949,0.0031147
0.01,-0.000661826,-0.000661583,3.973,-0.00529312,-0.00529015,0.00292587
0.01,-0.000672031,-0.000671784,3.973,-0.00538484,-0.0053817,0.00283337
0.01,-0.000682399,-0.000682147,3.973,-0.00548269,-0.00547941,0.0027256
0.01,-0.000692912,-0.000692656,3.973,-0.00557603,-0.00557262,0.00262547
0.01,-0.000703555,-0.000703293,3.97301,-0.00279165,-0.00278915,0.00251007
0.01,-0.000708407,-0.000708143,3.97301,0.000635818,0.000637144,0.00249863
0.01,-0.000707785,-0.00070752,3.97301,0.00419342,0.00419351,0.00236797
0.01,-0.000701987,-0.000701723,3.97301,0.00768179,0.00768065,0.00232601
0.01,-0.000690824,-0.000690562,3.97301,0.0109981,0.0109958,0.00227642
0.01,-0.000675046,-0.000674788,3.97301,0.0141639,0.0141605,0.00224209
0.01,-0.000654436,-0.000654185,3.97301,0.0142718,0.0142683,0.0021925
0.01,-0.000635614,-0.000635368,3.97301,0.0136034,0.0136002,0.00214291
0.01,-0.000618,-0.000617758,3.97301,0.0126371,0.0126343,0.00207806
0.01,-0.000601974,-0.000601735,3.97302,0.0116197,0.0116173,0.00207233
0.01,-0.000586964,-0.000586728,3.97302,0.0105907,0.0105887,0.00201416
0.01,-0.00057336,-0.000573127,3.97302,0.00962129,0.00961962,0.00196457
0.01,-0.000561077,-0.000560846,3.97302,0.00870962,0.00870831,0.00195789
0.01,-0.000549558,-0.000549329,3.97302,0.0078247,0.00782371,0.00189304
0.01,-0.000539205,-0.000538976,3.97302,0.00700973,0.00700904,0.001894
0.01,-0.000529943,-0.000529716,3.97302,0.00625186,0.00625146,0.00187969
0.01,-0.000521706,-0.000521478,3.97302,0.00554449,0.00554435,0.00183582
0.01,-0.000513949,-0.000513722,3.97302,0.00485496,0.00485505,0.00179291
0.01,-0.000507088,-0.000506861,3.97302,0.00422608,0.00422638,0.00180149
0.01,-0.000501065,-0.000500837,3.97302,0.00364508,0.00364559,0.00180244
0.01,-0.000495822,-0.000495594,3.97302,0.00310562,0.00310631,0.00176525
0.01,-0.000491308,-0.000491078,3.97302,0.00260398,0.00260484,0.0017662
0.01,-0.000487472,-0.000487241,3.97302,0.00213757,0.00213859,0.00175953
0.01,-0.000484267,-0.000484034,3.97302,0.00170426,0.00170541,0.00172234
0.01,-0.000481647,-0.000481412,3.97302,0.00130217,0.00130345,0.00169373
0.01,-0.00047957,-0.000479334,3.97302,0.00092957,0.000930956,0.00170898
0.01,-0.000477996,-0.000477757,3.97302,0.000584841,0.000586322,0.00169468
0.01,-0.000476886,-0.000476646,3.97302,0.000266429,0.000268009,0.00168037
0.01,-0.000476206,-0.000475963,3.97302,-2.69469e-05,-2.52891e-05,0.00165844
0.01,-0.00047592,-0.000475674,3.97302,-0.00031236,-0.000310617,0.00164413
0.01,-0.000476028,-0.00047578,3.97302,-0.00059402,-0.000592206,0.00163746
0.01,-0.00047653,-0.000476279,3.97302,-0.000873297,-0.000871414,0.00162315
0.01,-0.000477423,-0.00047717,3.97302,-0.0011504,-0.00114845,0.00161648
0.01,-0.000478705,-0.000478449,3.97302,-0.00142511,-0.00142308,0.00163841
0.01,-0.000480371,-0.000480113,3.97302,-0.00169696,-0.00169488,0.00165367
0.01,-0.000482419,-0.000482157,3.97302,-0.00196549,-0.00196336,0.00161648
0.01,-0.000484843,-0.000484578,3.97302,-0.00223017,-0.002228,0.00158691
0.01,-0.000487636,-0.000487368,3.97302,-0.00249049,-0.00248825,0.00158787
0.01,-0.000490793,-0.000490522,3.97302,-0.00274591,-0.00274364,0.0016098
0.01,-0.000494306,-0.000494032,3.97302,-0.00299593,-0.00299362,0.00160217
0.01,-0.000498168,-0.00049789,3.97302,-0.00324005,-0.00323771,0.00160313
0.01,-0.000502845,-0.000502564,3.97302,-0.00344919,-0.00344682,0.00157356
0.01,-0.000507853,-0.000507569,3.97302,-0.00366863,-0.00366625,0.0015955
0.01,-0.000513181,-0.000512893,3.97302,-0.00388762,-0.0038852,0.00160313
0.01,-0.000518818,-0.000518527,3.97302,-0.00410158,-0.00409915,0.00157356
0.01,-0.000524754,-0.00052446,3.97302,-0.00430843,-0.00430599,0.00155163
0.01,-0.000530976,-0.000530678,3.97302,-0.00450712,-0.00450468,0.00158119
0.01,-0.000537949,-0.000537647,3.97302,-0.00466835,-0.00466592,0.00157356
0.01,-0.000545183,-0.000544878,3.97302,-0.00483743,-0.00483499,0.00155163
0.01,-0.000552664,-0.000552355,3.97302,-0.00500365,-0.00500122,0.00158119
0.01,-0.000560378,-0.000560066,3.97302,-0.00516254,-0.00516012,0.00157356
0.01,-0.000568312,-0.000567996,3.97302,-0.00531209,-0.0053097,0.00155163
0.01,-0.000576926,-0.000576607,3.97302,-0.00542276,-0.0054204,0.00153732
0.01,-0.000585729,-0.000585407,3.97302,-0.00553979,-0.00553745,0.00158882
0.01,-0.000594705,-0.00059438,3.97302,-0.00565249,-0.00565019,0.00155926
0.01,-0.000603837,-0.000603509,3.97302,-0.00575649,-0.00575421,0.00153732
0.01,-0.000613588,-0.000613256,3.97303,-0.00582126,-0.00581905,0.00138378
0.01,-0.000623462,-0.000623127,3.97303,-0.00589177,-0.00588961,0.00125408
0.01,-0.000633443,-0.000633106,3.97303,-0.00595728,-0.00595515,0.00116062
0.01,-0.000643514,-0.000643174,3.97303,-0.0060134,-0.00601133,0.00106812
0.01,-0.000653658,-0.000653315,3.97303,-0.00605834,-0.00605633,0.000974655
0.01,-0.000664334,-0.000663988,3.97303,-0.00606272,-0.00606078,0.000918388
0.01,-0.000675048,-0.000674699,3.97304,-0.00607198,-0.0060701,0.000824928
0.01,-0.000685782,-0.00068543,3.97304,-0.00607565,-0.00607385,0.000782967
0.01,-0.000696518,-0.000696164,3.97304,-0.00606959,-0.00606786,0.000696182
0.01,-0.000707716,-0.000707359,3.97304,-0.00316001,-0.00315981,0.000668526
0.01,-0.000712989,-0.000712633,3.97304,0.0003701,0.000368468,0.000611305
0.01,-0.000712661,-0.000712309,3.97304,0.00401738,0.00401387,0.00053215
0.01,-0.000706567,-0.000706221,3.97304,0.00755785,0.00755254,0.000489235
0.01,-0.000695477,-0.00069514,3.97304,0.010965,0.0109579,0.000461578
0.01,-0.000679197,-0.000678872,3.97304,0.0141764,0.0141678,0.000470161
0.01,-0.000658473,-0.000658161,3.97304,0.0143658,0.014357,0.000434875
0.01,-0.000638977,-0.000638678,3.97304,0.0137331,0.0137246,0.000406265
0.01,-0.000621091,-0.000620803,3.97304,0.0128387,0.0128306,0.00036335
0.01,-0.000604245,-0.000603968,3.97304,0.0118477,0.0118402,0.000312805
0.01,-0.000588831,-0.000588565,3.97304,0.0108818,0.0108747,0.000328064
0.01,-0.000574289,-0.000574032,3.97305,0.00993053,0.00992386,0.00026226
0.01,-0.000561017,-0.000560769,3.97305,0.00904552,0.00903929,0.000278473
0.01,-0.00054894,-0.0005487,3.97305,0.00821722,0.00821141,0.000234604
0.01,-0.000537509,-0.000537277,3.97305,0.00741175,0.00740633,0.000234604
0.01,-0.000527134,-0.000526909,3.97305,0.00667135,0.0066663,0.000184059
0.01,-0.000517749,-0.000517532,3.97305,0.00598297,0.00597828,0.000199318
0.01,-0.000509294,-0.000509083,3.97305,0.00534009,0.00533572,0.000192642
0.01,-0.000501233,-0.000501028,3.97305,0.00471025,0.00470619,0.000156403
0.01,-0.000493988,-0.000493788,3.97305,0.00413649,0.00413274,0.000171661
0.01,-0.000487505,-0.00048731,3.97305,0.0036063,0.00360283,0.000149727
0.01,-0.000481735,-0.000481545,3.97305,0.00311357,0.00311037,0.000105858
0.01,-0.000476631,-0.000476445,3.97305,0.00265483,0.00265186,0.000128746
0.01,-0.000472147,-0.000471966,3.97305,0.00222766,0.00222495,0.000128746
0.01,-0.000468241,-0.000468063,3.97305,0.00183018,0.00182769,0.000106812
0.01,-0.000464873,-0.000464699,3.97305,0.00146072,0.00145844,7.05719e-05
0.01,-0.000462005,-0.000461833,3.97305,0.00111774,0.00111564,7.82013e-05
0.01,-0.000459599,-0.00045943,3.97305,0.000799756,0.000797862,8.58307e-05
0.01,-0.000457623,-0.000457457,3.97305,0.000505438,0.000503717,8.58307e-05
0.01,-0.000456044,-0.00045588,3.97305,0.000218045,0.00021648,9.34601e-05
0.01,-0.000454862,-0.0004547,3.97305,-6.65318e-05,-6.79083e-05,6.38962e-05
0.01,-0.000454079,-0.000453919,3.97305,-0.000349954,-0.000351159,7.9155e-05
0.01,-0.000453694,-0.000453536,3.97305,-0.000632372,-0.000633407,2.76566e-05
0.01,-0.000453706,-0.000453549,3.97305,-0.000913523,-0.00091438,4.29153e-05
0.01,-0.000454113,-0.000453957,3.97305,-0.00119295,-0.00119362,3.52859e-05
0.01,-0.000454912,-0.000454757,3.97305,-0.00147017,-0.00147066,4.29153e-05
0.01,-0.000456101,-0.000455946,3.97305,-0.0017446,-0.00174492,3.52859e-05
0.01,-0.000457673,-0.000457519,3.97305,-0.00201574,-0.00201588,5.05447e-05
0.01,-0.000459626,-0.000459471,3.97305,-0.00228303,-0.00228299,4.29153e-05
0.01,-0.000461951,-0.000461797,3.97305,-0.00254595,-0.00254572,4.29153e-05
0.01,-0.000464644,-0.000464489,3.97305,-0.00280396,-0.00280355,3.52859e-05
0.01,-0.000467697,-0.000467542,3.97305,-0.00305656,-0.00305598,2.09808e-05
0.01,-0.000471102,-0.000470945,3.97305,-0.00330324,-0.00330248,2.86102e-05
0.01,-0.00047485,-0.000474692,3.97305,-0.0035435,-0.00354257,2.09808e-05
0.01,-0.000479408,-0.000479249,3.97305,-0.00374825,-0.00374714,2.86102e-05
0.01,-0.00048429,-0.000484129,3.97305,-0.00396282,-0.00396153,2.86102e-05
0.01,-0.000489484,-0.000489321,3.97305,-0.00417643,-0.00417497,-1.52588e-05
0.01,-0.000494981,-0.000494816,3.97305,-0.00438453,-0.00438291,-7.62939e-06
0.01,-0.000500767,-0.000500599,3.97305,-0.00458506,-0.00458328,0
0.01,-0.00050683,-0.00050666,3.97305,-0.00477696,-0.00477501,0
0.01,-0.000513634,-0.000513461,3.97305,-0.00493097,-0.00492887,0
0.01,-0.000520688,-0.000520512,3.97305,-0.00509239,-0.00509014,0
0.01,-0.000527979,-0.000527799,3.97305,-0.00525053,-0.00524812,0
0.01,-0.000535491,-0.000535308,3.97305,-0.00540094,-0.00539839,0
0.01,-0.000543687,-0.0005435,3.97305,-0.00551303,-0.00551036,0
0.01,-0.000552074,-0.000551883,3.97305,-0.00563167,-0.00562884,0
0.01,-0.000560636,-0.000560442,3.97305,-0.00574598,-0.00574304,0
0.01,-0.000569358,-0.000569159,3.97305,-0.00585155,-0.00584849,0
0.01,-0.000578222,-0.000578019,3.97305,-0.00594644,-0.00594326,0
0.01,-0.00058769,-0.000587482,3.97305,-0.00600119,-0.0059979,0
0.01,-0.000597266,-0.000597053,3.97305,-0.00606112,-0.00605773,0
0.01,-0.000606934,-0.000606717,3.97305,-0.0061157,-0.00611222,0
0.01,-0.000616676,-0.000616454,3.97305,-0.00616065,-0.00615706,0
0.01,-0.000626952,-0.000626725,3.97305,-0.00616556,-0.00616191,0
0.01,-0.000637267,-0.000637034,3.97305,-0.00617552,-0.00617179,0
0.01,-0.000647603,-0.000647365,3.97305,-0.00617991,-0.00617611,0
0.01,-0.000657943,-0.000657699,3.97305,-0.00617447,-0.00617062,0
0.01,-0.000668745,-0.000668496,3.97305,-0.00612892,-0.00612502,0
0.01,-0.000679515,-0.00067926,3.97305,-0.00608838,-0.00608443,0
0.01,-0.000690234,-0.000689975,3.97305,-0.00604235,-0.00603836,0
0.01,-0.000700887,-0.000700621,3.97305,-0.00598667,-0.00598266,0
0.01,-0.000711931,-0.00071166,3.97305,-0.00303054,-0.00302761,0
0.01,-0.000716987,-0.000716713,3.97305,0.000542559,0.000544198,0
0.01,-0.000715908,-0.000715632,3.97305,0.00420063,0.00420088,0
0.01,-0.000709485,-0.00070921,3.97305,0.00779417,0.00779306,0
0.01,-0.00069802,-0.000697747,3.97305,0.0112407,0.0112383,0
0.01,-0.000681321,-0.000681053,3.97305,0.0144843,0.0144806,0
0.01,-0.000659662,-0.000659399,3.97305,0.0146728,0.014669,0
0.01,-0.000639672,-0.000639415,3.97305,0.0140815,0.014078,0
0.01,-0.000620783,-0.000620531,3.97305,0.0131868,0.0131835,0
0.01,-0.000603385,-0.000603137,3.97305,0.0122346,0.0122317,0
0.01,-0.000586916,-0.000586672,3.97305,0.0112645,0.0112619,0
0.01,-0.000571775,-0.000571534,3.97305,0.0103479,0.0103457,0
0.01,-0.000557885,-0.000557647,3.97305,0.00948333,0.00948146,0
0.01,-0.000544697,-0.000544462,3.97305,0.00864012,0.00863854,0
0.01,-0.00053262,-0.000532386,3.97305,0.0078618,0.00786051,0
0.01,-0.000521586,-0.000521355,3.97305,0.00713587,0.00713483,0
0.01,-0.000511058,-0.000510828,3.97305,0.0064274,0.00642661,0
0.01,-0.000501453,-0.000501224,3.97305,0.00577843,0.00577785,0
0.01,-0.000492714,-0.000492485,3.97305,0.00517598,0.0051756,0
0.01,-0.000484787,-0.000484559,3.97305,0.00461371,0.00461352,0
0.01,-0.000477622,-0.000477394,3.97305,0.00408802,0.00408801,0
0.01,-0.00047117,-0.000470941,3.97305,0.00359643,0.00359658,0
0.01,-0.000464907,-0.000464678,3.97305,0.00310833,0.00310864,0
0.01,-0.000459268,-0.000459039,3.97305,0.00266777,0.00266821,0
0.01,-0.00045421,-0.00045398,3.97305,0.00226281,0.00226337,0
0.01,-0.000449695,-0.000449464,3.97305,0.00188784,0.00188852,0
0.01,-0.000445685,-0.000445453,3.97305,0.00153976,0.00154053,0
0.01,-0.000442145,-0.000441912,3.97305,0.00121655,0.00121741,0
0.01,-0.000439042,-0.000438808,3.97305,0.000916621,0.000917576,0
0.01,-0.000436344,-0.000436108,3.97305,0.000622883,0.000623919,0
0.01,-0.000434053,-0.000433815,3.97305,0.000330949,0.000332059,0
0.01,-0.000432171,-0.000431932,3.97305,3.93949e-05,4.05721e-05,0
0.01,-0.0004307,-0.000430459,3.97305,-0.000251971,-0.00025071,0
0.01,-0.000429639,-0.000429396,3.97305,-0.000543229,-0.000541911,0
0.01,-0.000428987,-0.000428743,3.97305,-0.000833724,-0.000832329,0
0.01,-0.000428745,-0.000428499,3.97305,-0.00112282,-0.00112136,0
0.01,-0.000428909,-0.00042866,3.97305,-0.00140997,-0.00140845,0
0.01,-0.000429475,-0.000429225,3.97305,-0.00169458,-0.00169298,0
0.01,-0.000430441,-0.000430188,3.97305,-0.00197607,-0.00197443,0
0.01,-0.000431801,-0.000431546,3.97305,-0.00225393,-0.00225223,0
0.01,-0.00043355,-0.000433292,3.97305,-0.00252756,-0.0025258,0
0.01,-0.000435681,-0.000435421,3.97305,-0.00279642,-0.0027946,0
0.01,-0.000438664,-0.000438401,3.97305,-0.00303134,-0.0030295,0
0.01,-0.000442014,-0.000441749,3.97305,-0.00327761,-0.00327572,0
0.01,-0.000445723,-0.000445455,3.97305,-0.00352439,-0.00352247,0
0.01,-0.000449782,-0.000449511,3.97305,-0.00376707,-0.00376511,0
0.01,-0.00045418,-0.000453906,3.97305,-0.0040035,-0.00400152,0
0.01,-0.000458906,-0.00045863,3.97305,-0.00423258,-0.00423055,0
0.01,-0.00046395,-0.000464147,3.97305,-0.00445354,-0.00442288,0
0.01,-0.000469776,-0.00046997,3.97305,-0.00463725,-0.00462374,0
0.01,-0.000475894,-0.000476086,3.97305,-0.004829,-0.00482235,0
0.01,-0.000482292,-0.000482481,3.97305,-0.00501809,-0.00501419,0
0.01,-0.000488956,-0.000489142,3.97305,-0.0052,-0.00519718,0
0.01,-0.000495871,-0.000496054,3.97305,-0.00537271,-0.00537033,0
0.01,-0.0005035,-0.00050368,3.97305,-0.0055066,-0.0055044,0
0.01,-0.00051135,-0.000511527,3.97305,-0.00564685,-0.00564473,0
0.01,-0.000519406,-0.00051958,3.97305,-0.00578276,-0.00578068,0
0.01,-0.000527652,-0.000527823,3.97305,-0.00590989,-0.00590783,0
0.01,-0.000536547,-0.000536715,3.97305,-0.0059977,-0.00599567,0
0.01,-0.000545599,-0.000545764,3.97305,-0.00609107,-0.00608906,0
0.01,-0.00055479,-0.000554952,3.97305,-0.00617922,-0.00617724,0
0.01,-0.000564103,-0.000564262,3.97305,-0.00625775,-0.00625579,0
0.01,-0.000573996,-0.000574153,3.97305,-0.00629618,-0.00629425,0
0.01,-0.000583976,-0.00058413,3.97305,-0.00633947,-0.00633761,0
0.01,-0.000594023,-0.000594175,3.97305,-0.00637697,-0.00637515,0
0.01,-0.000604121,-0.00060427,3.97305,-0.00640434,-0.00640256,0
0.01,-0.000614727,-0.000614874,3.97305,-0.00639124,-0.00638952,0
0.01,-0.000625347,-0.000625491,3.97305,-0.00638273,-0.00638105,0
0.01,-0.000635961,-0.000636103,3.97305,-0.00636822,-0.0063666,0
0.01,-0.000646552,-0.000646692,3.97305,-0.00634352,-0.00634196,0
0.01,-0.000657578,-0.000657715,3.97305,-0.00627836,-0.00627688,0
0.01,-0.000668544,-0.000668679,3.97305,-0.00621792,-0.0062165,0
0.01,-0.000679431,-0.000679565,3.97305,-0.00615174,-0.00615036,0
0.01,-0.000690223,-0.000690355,3.97305,-0.00607567,-0.0060744,0
0.01,-0.000701377,-0.000701507,3.97305,-0.00595961,-0.0059584,0
0.01,-0.0007124,-0.000712529,3.97305,-0.00299081,-0.00298914,0
0.01,-0.000717394,-0.00071752,3.97305,0.000603177,0.000605408,0
0.01,-0.000716692,-0.000716815,3.97305,0.00431262,0.00431541,0
0.01,-0.000710136,-0.000710254,3.97305,0.00791125,0.00791459,0
0.01,-0.000698505,-0.000698618,3.97305,0.0113718,0.0113756,0
0.01,-0.000681612,-0.000681719,3.97305,0.0146318,0.014636,0
0.01,-0.000660211,-0.000660311,3.97305,0.0148659,0.0148701,0
0.01,-0.000639977,-0.000640071,3.97305,0.0142736,0.0142777,0
0.01,-0.000621298,-0.000621387,3.97305,0.0134155,0.0134194,0
0.01,-0.000603613,-0.000603697,3.97305,0.0124568,0.0124604,0
0.01,-0.000587317,-0.000587396,3.97305,0.0115193,0.0115227,0
0.01,-0.000571856,-0.00057193,3.97305,0.010593,0.0105961,0
0.01,-0.000557632,-0.000557701,3.97305,0.00972956,0.00973253,0
0.01,-0.000544098,-0.000544163,3.97305,0.00889117,0.00889394,0
0.01,-0.000531663,-0.000531725,3.97305,0.00811848,0.00812108,0
0.01,-0.000520265,-0.000520323,3.97305,0.0073979,0.00740031,0
0.01,-0.000509841,-0.000509896,3.97305,0.0067227,0.00672495,0
0.01,-0.000499856,-0.000499909,3.97305,0.00606043,0.00606252,0
0.01,-0.000490733,-0.000490783,3.97305,0.00545416,0.0054561,0
0.01,-0.000482419,-0.000482466,3.97305,0.00489144,0.00489323,0
0.01,-0.000474863,-0.000474907,3.97305,0.00436621,0.00436787,0
0.01,-0.000468018,-0.000468061,3.97305,0.00387505,0.00387659,0
0.01,-0.000461363,-0.000461403,3.97305,0.00338705,0.00338845,0
0.01,-0.000455331,-0.00045537,3.97305,0.00294608,0.00294736,0
0.01,-0.000449882,-0.000449919,3.97305,0.00254025,0.00254143,0
0.01,-0.000444977,-0.000445012,3.97305,0.00216391,0.00216501,0
0.01,-0.000440579,-0.000440612,3.97305,0.00181406,0.00181505,0
0.01,-0.000436654,-0.000436686,3.97305,0.00148865,0.00148954,0
0.01,-0.000433169,-0.0004332,3.97305,0.00118617,0.00118698,0
0.01,-0.000430093,-0.000430123,3.97305,0.000889383,0.000890126,0
0.01,-0.000427429,-0.000427458,3.97305,0.00059389,0.000594541,0
0.01,-0.00042518,-0.000425208,3.97305,0.000298265,0.000298819,0
0.01,-0.000423347,-0.000423374,3.97305,1.88425e-05,1.93417e-05,0
0.01,-0.000421897,-0.000421923,3.97305,-0.000256065,-0.000255654,0
0.01,-0.000420829,-0.000420855,3.97305,-0.000529177,-0.000528846,0
0.01,-0.000420145,-0.000420171,3.97305,-0.000800842,-0.000800593,0
0.01,-0.000419843,-0.000419868,3.97305,-0.00107093,-0.00107077,0
0.01,-0.000419919,-0.000419944,3.97305,-0.00133906,-0.00133896,0
0.01,-0.000420372,-0.000420397,3.97305,-0.00160475,-0.00160474,0
0.01,-0.000421197,-0.000421222,3.97305,-0.00186749,-0.00186755,0
0.01,-0.00042239,-0.000422416,3.97305,-0.00212678,-0.00212692,0
0.01,-0.000423946,-0.000423972,3.97305,-0.0023821,-0.00238233,0
0.01,-0.000425859,-0.000425885,3.97305,-0.00263294,-0.00263325,0
0.01,-0.000428598,-0.000428625,3.97305,-0.00285019,-0.00285058,0
0.01,-0.00043168,-0.000431707,3.97305,-0.00307914,-0.0030796,0
0.01,-0.000435097,-0.000435125,3.97305,-0.003309,-0.00330954,0
0.01,-0.00043884,-0.000438868,3.97305,-0.00353518,-0.00353579,0
0.01,-0.000442898,-0.000442928,3.97305,-0.00375559,-0.00375627,0
0.01,-0.000447264,-0.000447294,3.97305,-0.00396911,-0.00396987,0
0.01,-0.000451925,-0.000451956,3.97305,-0.00417506,-0.0041759,0
0.01,-0.000457347,-0.00045738,3.97305,-0.00434433,-0.00434523,0
0.01,-0.000463043,-0.000463077,3.97305,-0.00452222,-0.00452318,0
0.01,-0.000468998,-0.000469034,3.97305,-0.00469806,-0.00469909,0
0.01,-0.000475201,-0.000475238,3.97305,-0.00486735,-0.00486845,0
0.01,-0.000481639,-0.000481677,3.97305,-0.00502811,-0.00502927,0
0.01,-0.000488296,-0.000488337,3.97305,-0.00517935,-0.00518057,0
0.01,-0.000495637,-0.000495679,3.97305,-0.00529189,-0.00529317,0
0.01,-0.000503169,-0.000503213,3.97305,-0.00541113,-0.00541245,0
0.01,-0.000510877,-0.000510923,3.97305,-0.00552644,-0.00552783,0
0.01,-0.000518747,-0.000518794,3.97305,-0.00563348,-0.00563491,0
0.01,-0.000527238,-0.000527288,3.97305,-0.00570174,-0.00570322,0
0.01,-0.000535858,-0.00053591,3.97305,-0.00577614,-0.00577766,0
0.01,-0.000544591,-0.000544646,3.97305,-0.00584598,-0.00584753,0
0.01,-0.000553421,-0.000553477,3.97305,-0.00590682,-0.00590842,0
0.01,-0.000562807,-0.000562866,3.97305,-0.00592829,-0.00592992,0
0.01,-0.000572256,-0.000572317,3.97305,-0.00595536,-0.00595701,0
0.01,-0.000581751,-0.000581814,3.97305,-0.0059774,-0.00597908,0
0.01,-0.000591274,-0.00059134,3.97305,-0.00599011,-0.00599182,0
0.01,-0.000600809,-0.000600877,3.97305,-0.00599178,-0.00599352,0
