p_x,p_y,p_z,dp_x,dp_y,dp_z,ddp_x,ddp_y,ddp_z,dt
0.000000,0.000000,0.001852,0.000000,0.000000,0.090746,0.000000,0.000000,18.884624,0.010000
0.000022,0.000022,0.004582,0.001447,0.001447,0.179545,0.144674,0.144674,18.689850,0.010000
0.000078,0.000078,0.008170,0.004263,0.004263,0.266404,0.281587,0.281587,18.495899,0.010000
0.000183,0.000183,0.012599,0.008371,0.008371,0.351334,0.410852,0.410852,18.303028,0.010000
0.000346,0.000346,0.017848,0.013697,0.013697,0.434349,0.532597,0.532597,18.111492,0.010000
0.000580,0.000580,0.023899,0.020167,0.020167,0.515464,0.646963,0.646963,17.921511,0.010000
0.000895,0.000895,0.030732,0.027708,0.027708,0.594697,0.754104,0.754104,17.733309,0.010000
0.001300,0.001300,0.038330,0.036250,0.036250,0.672068,0.854183,0.854183,17.547073,0.010000
0.001805,0.001805,0.046675,0.045723,0.045723,0.747598,0.947374,0.947374,17.362989,0.010000
0.002417,0.002417,0.055747,0.056062,0.056062,0.821310,1.033858,1.033858,17.181219,0.010000
0.003145,0.003145,0.065529,0.067200,0.067200,0.893229,1.113822,1.113822,17.001892,0.010000
0.003995,0.003995,0.076004,0.079075,0.079075,0.963380,1.187458,1.187458,16.825155,0.010000
0.004974,0.004974,0.087155,0.091624,0.091624,1.031791,1.254963,1.254963,16.651102,0.010000
0.006088,0.006088,0.098963,0.104790,0.104790,1.098490,1.316537,1.316537,16.479820,0.010000
0.007341,0.007341,0.111414,0.118514,0.118514,1.163504,1.372383,1.372383,16.311403,0.010000
0.008740,0.008740,0.124490,0.132741,0.132741,1.226862,1.422701,1.422701,16.145889,0.010000
0.010288,0.010288,0.138175,0.147418,0.147418,1.288596,1.467697,1.467697,15.983339,0.010000
0.011988,0.011988,0.152454,0.162493,0.162493,1.348734,1.507573,1.507573,15.823774,0.010000
0.013844,0.013844,0.167310,0.177919,0.177919,1.407306,1.542532,1.542532,15.667220,0.010000
0.015859,0.015859,0.182729,0.193646,0.193646,1.464342,1.572773,1.572773,15.513675,0.010000
0.018036,0.018036,0.198696,0.209631,0.209631,1.519874,1.598496,1.598496,15.363134,0.010000
0.020375,0.020375,0.215196,0.225830,0.225830,1.573930,1.619895,1.619895,15.215579,0.010000
0.022879,0.022879,0.232215,0.242202,0.242202,1.626540,1.637164,1.637164,15.070988,0.010000
0.025548,0.025548,0.249739,0.258707,0.258707,1.677733,1.650492,1.650492,14.929313,0.010000
0.028384,0.028384,0.267754,0.275307,0.275307,1.727538,1.660065,1.660065,14.790524,0.010000
0.031387,0.031387,0.286246,0.291968,0.291968,1.775984,1.666063,1.666063,14.654559,0.010000
0.034557,0.034557,0.305203,0.308655,0.308655,1.823097,1.668667,1.668667,14.521364,0.010000
0.037894,0.037894,0.324612,0.325335,0.325335,1.868906,1.668048,1.668048,14.390879,0.010000
0.041397,0.041397,0.344460,0.341979,0.341979,1.913436,1.664376,1.664376,14.263027,0.010000
0.045066,0.045066,0.364734,0.358557,0.358557,1.956714,1.657814,1.657814,14.137737,0.010000
0.048898,0.048898,0.385422,0.375042,0.375042,1.998763,1.648525,1.648525,14.014940,0.010000
0.052894,0.052894,0.406513,0.391409,0.391409,2.039608,1.636661,1.636661,13.894545,0.010000
0.057052,0.057052,0.427994,0.407633,0.407633,2.079273,1.622375,1.622375,13.776479,0.010000
0.061369,0.061369,0.449855,0.423691,0.423691,2.117780,1.605813,1.605813,13.660660,0.010000
0.065844,0.065844,0.472084,0.439562,0.439562,2.155150,1.587116,1.587116,13.546998,0.010000
0.070475,0.070475,0.494670,0.455226,0.455226,2.191404,1.566421,1.566421,13.435409,0.010000
0.075258,0.075258,0.517602,0.470665,0.470665,2.226562,1.543859,1.543859,13.325808,0.010000
0.080193,0.080193,0.540869,0.485860,0.485860,2.260643,1.519560,1.519560,13.218115,0.010000
0.085276,0.085276,0.564461,0.500797,0.500797,2.293666,1.493645,1.493645,13.112242,0.010000
0.090503,0.090503,0.588368,0.515459,0.515459,2.325647,1.466235,1.466235,13.008105,0.010000
0.095874,0.095874,0.612579,0.529834,0.529834,2.356603,1.437443,1.437443,12.905628,0.010000
0.101383,0.101383,0.637085,0.543907,0.543907,2.386550,1.407381,1.407381,12.804729,0.010000
0.107029,0.107029,0.661875,0.557669,0.557669,2.415504,1.376154,1.376154,12.705326,0.010000
0.112807,0.112807,0.686941,0.571108,0.571108,2.443477,1.343864,1.343864,12.607349,0.010000
0.118715,0.118715,0.712271,0.584214,0.584214,2.470484,1.310608,1.310608,12.510725,0.010000
0.124748,0.124748,0.737857,0.596978,0.596978,2.496538,1.276481,1.276481,12.415380,0.010000
0.130904,0.130904,0.763690,0.609394,0.609394,2.521651,1.241574,1.241574,12.321251,0.010000
0.137179,0.137179,0.789759,0.621454,0.621454,2.545833,1.205972,1.205972,12.228274,0.010000
0.143569,0.143569,0.816057,0.633152,0.633152,2.569097,1.169758,1.169758,12.136385,0.010000
0.150071,0.150071,0.842574,0.644482,0.644482,2.591453,1.133011,1.133011,12.045527,0.010000
0.156680,0.156680,0.869301,0.655440,0.655440,2.612909,1.095807,1.095807,11.955647,0.010000
0.163393,0.163393,0.896229,0.666022,0.666022,2.633476,1.058216,1.058216,11.866693,0.010000
0.170206,0.170206,0.923350,0.676225,0.676225,2.653162,1.020308,1.020308,11.778612,0.010000
0.177116,0.177116,0.950654,0.686046,0.686046,2.671976,0.982148,0.982148,11.691370,0.010000
0.184118,0.184118,0.978133,0.695484,0.695484,2.689925,0.943798,0.943798,11.604918,0.010000
0.191208,0.191208,1.005780,0.704538,0.704538,2.707017,0.905317,0.905317,11.519220,0.010000
0.198384,0.198384,1.033584,0.713205,0.713205,2.723260,0.866760,0.866760,11.434243,0.010000
0.205640,0.205640,1.061538,0.721487,0.721487,2.738659,0.828181,0.828181,11.349957,0.010000
0.212973,0.212973,1.089633,0.729383,0.729383,2.753222,0.789629,0.789629,11.266335,0.010000
0.220380,0.220380,1.117862,0.736895,0.736895,2.766956,0.751152,0.751152,11.183346,0.010000
0.227856,0.227856,1.146216,0.744023,0.744023,2.779866,0.712793,0.712793,11.100976,0.010000
0.235397,0.235397,1.174686,0.750769,0.750769,2.791958,0.674594,0.674594,11.019206,0.010000
0.243000,0.243000,1.203266,0.757135,0.757135,2.803238,0.636595,0.636595,10.938020,0.010000
0.250661,0.250661,1.231946,0.763123,0.763123,2.813712,0.598833,0.598833,10.857407,0.010000
0.258377,0.258377,1.260718,0.768736,0.768736,2.823385,0.561340,0.561340,10.777355,0.010000
0.266143,0.266143,1.289576,0.773978,0.773978,2.832264,0.524151,0.524151,10.697863,0.010000
0.273956,0.273956,1.318510,0.778851,0.778851,2.840353,0.487293,0.487293,10.618923,0.010000
0.281812,0.281812,1.347514,0.783359,0.783359,2.847659,0.450794,0.450794,10.540539,0.010000
0.289708,0.289708,1.376579,0.787506,0.787506,2.854186,0.414678,0.414678,10.462704,0.010000
0.297640,0.297640,1.405698,0.791295,0.791295,2.859940,0.378972,0.378972,10.385431,0.010000
0.305604,0.305604,1.434862,0.794732,0.794732,2.864927,0.343694,0.343694,10.308723,0.010000
0.313598,0.313598,1.464065,0.797821,0.797821,2.869153,0.308862,0.308862,10.232588,0.010000
0.321617,0.321617,1.493299,0.800566,0.800566,2.872624,0.274500,0.274500,10.157033,0.010000
0.329659,0.329659,1.522557,0.802972,0.802972,2.875345,0.240618,0.240618,10.082077,0.010000
0.337720,0.337720,1.551831,0.805044,0.805044,2.877322,0.207251,0.207251,10.007727,0.010000
0.345796,0.345796,1.581113,0.806788,0.806788,2.878562,0.174382,0.174382,9.934005,0.010000
0.353885,0.353885,1.610397,0.808209,0.808209,2.879071,0.142038,0.142038,9.860921,0.010000
0.361984,0.361984,1.639675,0.809311,0.809311,2.878856,0.110228,0.110228,9.788498,0.010000
0.370089,0.370089,1.668940,0.810100,0.810100,2.877923,0.078956,0.078956,9.716754,0.010000
0.378197,0.378197,1.698185,0.810583,0.810583,2.876281,0.048235,0.048235,9.645710,0.010000
0.386306,0.386306,1.727403,0.810764,0.810764,2.873935,0.018069,0.018069,9.575388,0.010000
0.394412,0.394412,1.756587,0.810648,0.810648,2.870893,-0.011532,-0.011532,9.505805,0.010000
0.402512,0.402512,1.785731,0.810243,0.810243,2.867162,-0.040567,-0.040567,9.436994,0.010000
0.410604,0.410604,1.814827,0.809552,0.809552,2.862752,-0.069032,-0.069032,9.368969,0.010000
0.418685,0.418685,1.843868,0.808583,0.808583,2.857670,-0.096921,-0.096921,9.301758,0.010000
0.426752,0.426752,1.872849,0.807341,0.807341,2.851924,-0.124232,-0.124232,9.235387,0.010000
0.434803,0.434803,1.901763,0.805831,0.805831,2.845522,-0.150965,-0.150965,9.169880,0.010000
0.442835,0.442835,1.930603,0.804060,0.804060,2.838475,-0.177118,-0.177118,9.105256,0.010000
0.450845,0.450845,1.959363,0.802033,0.802033,2.830791,-0.202689,-0.202689,9.041547,0.010000
0.458831,0.458831,1.988037,0.799756,0.799756,2.822478,-0.227681,-0.227681,8.978775,0.010000
0.466791,0.466791,2.016618,0.797235,0.797235,2.813548,-0.252092,-0.252092,8.916958,0.010000
0.474722,0.474722,2.045101,0.794476,0.794476,2.804009,-0.275923,-0.275923,8.856133,0.010000
0.482622,0.482622,2.073480,0.791484,0.791484,2.793872,-0.299176,-0.299176,8.796312,0.010000
0.490488,0.490488,2.101748,0.788266,0.788266,2.783148,-0.321852,-0.321852,8.737526,0.010000
0.498319,0.498319,2.129900,0.784826,0.784826,2.771846,-0.343952,-0.343952,8.679793,0.010000
0.506113,0.506113,2.157931,0.781171,0.781171,2.759977,-0.365479,-0.365479,8.623138,0.010000
0.513867,0.513867,2.185835,0.777307,0.777307,2.747553,-0.386434,-0.386434,8.567580,0.010000
0.521579,0.521579,2.213607,0.773239,0.773239,2.734584,-0.406820,-0.406820,8.513142,0.010000
0.529247,0.529247,2.241241,0.768972,0.768972,2.721082,-0.426640,-0.426640,8.459840,0.010000
0.536870,0.536870,2.268732,0.764513,0.764513,2.707059,-0.445894,-0.445894,8.407697,0.010000
0.544445,0.544445,2.296075,0.759868,0.759868,2.692527,-0.464586,-0.464586,8.356728,0.010000
0.551972,0.551972,2.323265,0.755040,0.755040,2.677496,-0.482718,-0.482718,8.306950,0.010000
0.559447,0.559447,2.350297,0.750037,0.750037,2.661980,-0.500293,-0.500293,8.258382,0.010000
0.566870,0.566870,2.377168,0.744864,0.744864,2.645990,-0.517312,-0.517312,8.211036,0.010000
0.574238,0.574238,2.403872,0.739527,0.739527,2.629539,-0.533779,-0.533779,8.164930,0.010000
0.581551,0.581551,2.430404,0.734030,0.734030,2.612640,-0.549696,-0.549696,8.120070,0.010000
0.588807,0.588807,2.456761,0.728379,0.728379,2.595305,-0.565065,-0.565065,8.076474,0.010000
0.596004,0.596004,2.482938,0.722580,0.722580,2.577546,-0.579889,-0.579889,8.034147,0.010000
0.603140,0.603140,2.508931,0.716638,0.716638,2.559377,-0.594169,-0.594169,7.993107,0.010000
0.610215,0.610215,2.534737,0.710559,0.710559,2.540811,-0.607909,-0.607909,7.953353,0.010000
0.617228,0.617228,2.560351,0.704348,0.704348,2.521860,-0.621110,-0.621110,7.914896,0.010000
0.624176,0.624176,2.585771,0.698010,0.698010,2.502537,-0.633775,-0.633775,7.877742,0.010000
0.631060,0.631060,2.610991,0.691551,0.691551,2.482857,-0.645907,-0.645907,7.841897,0.010000
0.637876,0.637876,2.636010,0.684976,0.684976,2.462830,-0.657505,-0.657505,7.807360,0.010000
0.644626,0.644626,2.660823,0.678291,0.678291,2.442472,-0.668574,-0.668574,7.774139,0.010000
0.651307,0.651307,2.685428,0.671499,0.671499,2.421794,-0.679116,-0.679116,7.742231,0.010000
0.657919,0.657919,2.709822,0.664608,0.664608,2.400810,-0.689132,-0.689132,7.711641,0.010000
0.664460,0.664460,2.734002,0.657622,0.657622,2.379534,-0.698625,-0.698625,7.682360,0.010000
0.670930,0.670930,2.757964,0.650546,0.650546,2.357977,-0.707597,-0.707597,7.654392,0.010000
0.677328,0.677328,2.781707,0.643385,0.643385,2.336155,-0.716051,-0.716051,7.627734,0.010000
0.683653,0.683653,2.805228,0.636146,0.636146,2.314079,-0.723988,-0.723988,7.602378,0.010000
0.689905,0.689905,2.828525,0.628831,0.628831,2.291762,-0.731412,-0.731412,7.578320,0.010000
0.696082,0.696082,2.851594,0.621448,0.621448,2.269217,-0.738325,-0.738325,7.555552,0.010000
0.702185,0.702185,2.874436,0.614001,0.614001,2.246458,-0.744730,-0.744730,7.534070,0.010000
0.708213,0.708213,2.897046,0.606495,0.606495,2.223497,-0.750630,-0.750630,7.513862,0.010000
0.714164,0.714164,2.919425,0.598934,0.598934,2.200346,-0.756028,-0.756028,7.494920,0.010000
0.720039,0.720039,2.941569,0.591325,0.591325,2.177018,-0.760927,-0.760927,7.477233,0.010000
0.725838,0.725838,2.963477,0.583672,0.583672,2.153526,-0.765331,-0.765331,7.460790,0.010000
0.731559,0.731559,2.985148,0.575979,0.575979,2.129882,-0.769243,-0.769243,7.445575,0.010000
0.737203,0.737203,3.006581,0.568253,0.568253,2.106098,-0.772668,-0.772668,7.431579,0.010000
0.742769,0.742769,3.027773,0.560497,0.560497,2.082186,-0.775610,-0.775610,7.418783,0.010000
0.748258,0.748258,3.048725,0.552716,0.552716,2.058157,-0.778072,-0.778072,7.407178,0.010000
0.753668,0.753668,3.069435,0.544915,0.544915,2.034025,-0.780061,-0.780061,7.396745,0.010000
0.759000,0.759000,3.089903,0.537099,0.537099,2.009799,-0.781580,-0.781580,7.387464,0.010000
0.764253,0.764253,3.110126,0.529273,0.529273,1.985493,-0.782636,-0.782636,7.379323,0.010000
0.769428,0.769428,3.130106,0.521441,0.521441,1.961116,-0.783234,-0.783234,7.372300,0.010000
0.774525,0.774525,3.149841,0.513607,0.513607,1.936679,-0.783380,-0.783380,7.366375,0.010000
0.779544,0.779544,3.169331,0.505776,0.505776,1.912195,-0.783080,-0.783080,7.361533,0.010000
0.784484,0.784484,3.188576,0.497953,0.497953,1.887672,-0.782341,-0.782341,7.357749,0.010000
0.789347,0.789347,3.207575,0.490141,0.490141,1.863122,-0.781170,-0.781170,7.355006,0.010000
0.794131,0.794131,3.226328,0.482345,0.482345,1.838555,-0.779575,-0.779575,7.353282,0.010000
0.798838,0.798838,3.244836,0.474570,0.474570,1.813981,-0.777562,-0.777562,7.352553,0.010000
0.803467,0.803467,3.263097,0.466818,0.466818,1.789409,-0.775141,-0.775141,7.352800,0.010000
0.808020,0.808020,3.281113,0.459095,0.459095,1.764849,-0.772319,-0.772319,7.353996,0.010000
0.812495,0.812495,3.298884,0.451404,0.451404,1.740310,-0.769106,-0.769106,7.356124,0.010000
0.816895,0.816895,3.316410,0.443749,0.443749,1.715801,-0.765510,-0.765510,7.359158,0.010000
0.821218,0.821218,3.333692,0.436133,0.436133,1.691332,-0.761542,-0.761542,7.363072,0.010000
0.825466,0.825466,3.350729,0.428561,0.428561,1.666911,-0.757209,-0.757209,7.367845,0.010000
0.829638,0.829638,3.367523,0.421036,0.421036,1.642545,-0.752524,-0.752524,7.373452,0.010000
0.833737,0.833737,3.384075,0.413561,0.413561,1.618244,-0.747496,-0.747496,7.379870,0.010000
0.837761,0.837761,3.400384,0.406140,0.406140,1.594015,-0.742136,-0.742136,7.387072,0.010000
0.841712,0.841712,3.416453,0.398775,0.398775,1.569865,-0.736455,-0.736455,7.395039,0.010000
0.845590,0.845590,3.432281,0.391471,0.391471,1.545802,-0.730465,-0.730465,7.403740,0.010000
0.849396,0.849396,3.447870,0.384229,0.384229,1.521834,-0.724176,-0.724176,7.413156,0.010000
0.853131,0.853131,3.463221,0.377053,0.377053,1.497966,-0.717602,-0.717602,7.423260,0.010000
0.856795,0.856795,3.478335,0.369945,0.369945,1.474207,-0.710753,-0.710753,7.434031,0.010000
0.860388,0.860388,3.493212,0.362909,0.362909,1.450561,-0.703642,-0.703642,7.445440,0.010000
0.863913,0.863913,3.507856,0.355946,0.355946,1.427036,-0.696282,-0.696282,7.457468,0.010000
0.867369,0.867369,3.522265,0.349059,0.349059,1.403637,-0.688685,-0.688685,7.470088,0.010000
0.870758,0.870758,3.536443,0.342251,0.342251,1.380369,-0.680864,-0.680864,7.483281,0.010000
0.874079,0.874079,3.550390,0.335522,0.335522,1.357240,-0.672831,-0.672831,7.497015,0.010000
0.877335,0.877335,3.564109,0.328876,0.328876,1.334252,-0.664600,-0.664600,7.511275,0.010000
0.880525,0.880525,3.577599,0.322314,0.322314,1.311413,-0.656183,-0.656183,7.526039,0.010000
0.883651,0.883651,3.590863,0.315838,0.315838,1.288725,-0.647595,-0.647595,7.541278,0.010000
0.886714,0.886714,3.603903,0.309450,0.309450,1.266195,-0.638847,-0.638847,7.556976,0.010000
0.889714,0.889714,3.616720,0.303150,0.303150,1.243826,-0.629954,-0.629954,7.573109,0.010000
0.892652,0.892652,3.629316,0.296941,0.296941,1.221623,-0.620927,-0.620927,7.589658,0.010000
0.895530,0.895530,3.641692,0.290823,0.290823,1.199589,-0.611781,-0.611781,7.606603,0.010000
0.898348,0.898348,3.653851,0.284798,0.284798,1.177728,-0.602528,-0.602528,7.623916,0.010000
0.901107,0.901107,3.665793,0.278866,0.278866,1.156044,-0.593181,-0.593181,7.641587,0.010000
0.903808,0.903808,3.677521,0.273029,0.273029,1.134540,-0.583753,-0.583753,7.659591,0.010000
0.906452,0.906452,3.689038,0.267286,0.267286,1.113219,-0.574256,-0.574256,7.677912,0.010000
0.909040,0.909040,3.700343,0.261639,0.261639,1.092084,-0.564703,-0.564703,7.696527,0.010000
0.911573,0.911573,3.711440,0.256088,0.256088,1.071139,-0.555106,-0.555106,7.715426,0.010000
0.914052,0.914052,3.722331,0.250633,0.250633,1.050384,-0.545476,-0.545476,7.734585,0.010000
0.916478,0.916478,3.733017,0.245275,0.245275,1.029824,-0.535827,-0.535827,7.753988,0.010000
0.918852,0.918852,3.743500,0.240013,0.240013,1.009460,-0.526168,-0.526168,7.773621,0.010000
0.921175,0.921175,3.753783,0.234848,0.234848,0.989295,-0.516513,-0.516513,7.793466,0.010000
0.923447,0.923447,3.763866,0.229779,0.229779,0.969330,-0.506871,-0.506871,7.813507,0.010000
0.925670,0.925670,3.773754,0.224807,0.224807,0.949567,-0.497252,-0.497252,7.833731,0.010000
0.927845,0.927845,3.783447,0.219930,0.219930,0.930009,-0.487668,-0.487668,7.854121,0.010000
0.929973,0.929973,3.792947,0.215149,0.215149,0.910655,-0.478129,-0.478129,7.874664,0.010000
0.932054,0.932054,3.802257,0.210463,0.210463,0.891509,-0.468643,-0.468643,7.895346,0.010000
0.934090,0.934090,3.811378,0.205870,0.205870,0.872570,-0.459220,-0.459220,7.916156,0.010000
0.936081,0.936081,3.820313,0.201372,0.201372,0.853841,-0.449869,-0.449869,7.937079,0.010000
0.938029,0.938029,3.829065,0.196966,0.196966,0.835322,-0.440599,-0.440599,7.958102,0.010000
0.939934,0.939934,3.837634,0.192651,0.192651,0.817014,-0.431417,-0.431417,7.979214,0.010000
0.941797,0.941797,3.846023,0.188428,0.188428,0.798918,-0.422331,-0.422331,8.000406,0.010000
0.943619,0.943619,3.854234,0.184295,0.184295,0.781035,-0.413349,-0.413349,8.021663,0.010000
0.945401,0.945401,3.862270,0.180250,0.180250,0.763365,-0.404477,-0.404477,8.042973,0.010000
0.947145,0.947145,3.870132,0.176293,0.176293,0.745908,-0.395722,-0.395722,8.064331,0.010000
0.948849,0.948849,3.877823,0.172422,0.172422,0.728665,-0.387089,-0.387089,8.085723,0.010000
0.950517,0.950517,3.885345,0.168636,0.168636,0.711637,-0.378585,-0.378585,8.107141,0.010000
0.952148,0.952148,3.892700,0.164934,0.164934,0.694822,-0.370214,-0.370214,8.128576,0.010000
0.953743,0.953743,3.899889,0.161314,0.161314,0.678223,-0.361981,-0.361981,8.150019,0.010000
0.955303,0.955303,3.906916,0.157775,0.157775,0.661837,-0.353890,-0.353890,8.171456,0.010000
0.956829,0.956829,3.913783,0.154316,0.154316,0.645666,-0.345945,-0.345945,8.192887,0.010000
0.958321,0.958321,3.920491,0.150934,0.150934,0.629709,-0.338150,-0.338150,8.214300,0.010000
0.959781,0.959781,3.927042,0.147629,0.147629,0.613966,-0.330508,-0.330508,8.235691,0.010000
0.961209,0.961209,3.933439,0.144399,0.144399,0.598436,-0.323021,-0.323021,8.257043,0.010000
0.962605,0.962605,3.939684,0.141242,0.141242,0.583120,-0.315692,-0.315692,8.278358,0.010000
0.963971,0.963971,3.945780,0.138157,0.138157,0.568016,-0.308522,-0.308522,8.299625,0.010000
0.965308,0.965308,3.951727,0.135142,0.135142,0.553125,-0.301512,-0.301512,8.320838,0.010000
0.966615,0.966615,3.957528,0.132195,0.132195,0.538444,-0.294666,-0.294666,8.341989,0.010000
0.967894,0.967894,3.963186,0.129315,0.129315,0.523975,-0.287982,-0.287982,8.363078,0.010000
0.969145,0.969145,3.968703,0.126500,0.126500,0.509716,-0.281461,-0.281461,8.384091,0.010000
0.970368,0.970368,3.974079,0.123749,0.123749,0.495666,-0.275105,-0.275105,8.405031,0.010000
0.971566,0.971566,3.979319,0.121060,0.121060,0.481825,-0.268911,-0.268911,8.425882,0.010000
0.972737,0.972737,3.984423,0.118432,0.118432,0.468192,-0.262881,-0.262881,8.446645,0.010000
0.973883,0.973883,3.989394,0.115861,0.115861,0.454765,-0.257012,-0.257012,8.467315,0.010000
0.975003,0.975003,3.994234,0.113348,0.113348,0.441544,-0.251304,-0.251304,8.487885,0.010000
0.976100,0.976100,3.998945,0.110891,0.110891,0.428527,-0.245756,-0.245756,8.508352,0.010000
0.977173,0.977173,4.003528,0.108487,0.108487,0.415714,-0.240366,-0.240366,8.528710,0.010000
0.978222,0.978222,4.007987,0.106136,0.106136,0.403104,-0.235133,-0.235133,8.548955,0.010000
0.979249,0.979249,4.012322,0.103835,0.103835,0.390695,-0.230054,-0.230054,8.569086,0.010000
0.980254,0.980254,4.016536,0.101584,0.101584,0.378486,-0.225126,-0.225126,8.589092,0.010000
0.981237,0.981237,4.020631,0.099381,0.099381,0.366475,-0.220347,-0.220347,8.608973,0.010000
0.982198,0.982198,4.024610,0.097223,0.097223,0.354663,-0.215716,-0.215716,8.628728,0.010000
0.983139,0.983139,4.028472,0.095111,0.095111,0.343046,-0.211228,-0.211228,8.648347,0.010000
0.984059,0.984059,4.032222,0.093042,0.093042,0.331624,-0.206882,-0.206882,8.667833,0.010000
0.984959,0.984959,4.035861,0.091016,0.091016,0.320396,-0.202673,-0.202673,8.687176,0.010000
0.985839,0.985839,4.039390,0.089030,0.089030,0.309360,-0.198600,-0.198600,8.706381,0.010000
0.986700,0.986700,4.042811,0.087083,0.087083,0.298514,-0.194657,-0.194657,8.725437,0.010000
0.987542,0.987542,4.046127,0.085175,0.085175,0.287858,-0.190843,-0.190843,8.744347,0.010000
0.988366,0.988366,4.049339,0.083303,0.083303,0.277389,-0.187151,-0.187151,8.763104,0.010000
0.989172,0.989172,4.052449,0.081467,0.081467,0.267106,-0.183581,-0.183581,8.781710,0.010000
0.989959,0.989959,4.055459,0.079666,0.079666,0.257008,-0.180127,-0.180127,8.800162,0.010000
0.990729,0.990729,4.058371,0.077898,0.077898,0.247092,-0.176786,-0.176786,8.818451,0.010000
0.991482,0.991482,4.061186,0.076163,0.076163,0.237358,-0.173555,-0.173555,8.836580,0.010000
0.992218,0.992218,4.063907,0.074458,0.074458,0.227803,-0.170431,-0.170431,8.854548,0.010000
0.992938,0.992938,4.066535,0.072784,0.072784,0.218427,-0.167407,-0.167407,8.872350,0.010000
0.993641,0.993641,4.069072,0.071139,0.071139,0.209227,-0.164482,-0.164482,8.889987,0.010000
0.994328,0.994328,4.071519,0.069523,0.069523,0.200201,-0.161651,-0.161651,8.907454,0.010000
0.995000,0.995000,4.073879,0.067934,0.067934,0.191349,-0.158908,-0.158908,8.924750,0.010000
0.995655,0.995655,4.076153,0.066371,0.066371,0.182667,-0.156252,-0.156252,8.941875,0.010000
0.996296,0.996296,4.078342,0.064834,0.064834,0.174156,-0.153679,-0.153679,8.958829,0.010000
0.996922,0.996922,4.080449,0.063323,0.063323,0.165812,-0.151185,-0.151185,8.975609,0.010000
0.997533,0.997533,4.082475,0.061835,0.061835,0.157634,-0.148766,-0.148766,8.992209,0.010000
0.998129,0.998129,4.084422,0.060371,0.060371,0.149620,-0.146420,-0.146420,9.008635,0.010000
0.998711,0.998711,4.086290,0.058929,0.058929,0.141769,-0.144140,-0.144140,9.024883,0.010000
0.999279,0.999279,4.088083,0.057510,0.057510,0.134079,-0.141927,-0.141927,9.040954,0.010000
0.999833,0.999833,4.089802,0.056112,0.056112,0.126547,-0.139773,-0.139773,9.056845,0.010000
1.000374,1.000374,4.091447,0.054736,0.054736,0.119173,-0.137678,-0.137678,9.072553,0.010000
1.000901,1.000901,4.093021,0.053379,0.053379,0.111953,-0.135638,-0.135638,9.088078,0.010000
1.001415,1.001415,4.094525,0.052043,0.052043,0.104888,-0.133650,-0.133650,9.103425,0.010000
1.001915,1.001915,4.095961,0.050726,0.050726,0.097974,-0.131709,-0.131709,9.118589,0.010000
1.002403,1.002403,4.097330,0.049427,0.049427,0.091209,-0.129814,-0.129814,9.133571,0.010000
1.002878,1.002878,4.098633,0.048148,0.048148,0.084593,-0.127961,-0.127961,9.148369,0.010000
1.003341,1.003341,4.099873,0.046886,0.046886,0.078123,-0.126147,-0.126147,9.162983,0.010000
1.003791,1.003791,4.101049,0.045643,0.045643,0.071797,-0.124369,-0.124369,9.177413,0.010000
1.004229,1.004229,4.102165,0.044416,0.044416,0.065613,-0.122625,-0.122625,9.191661,0.010000
1.004655,1.004655,4.103221,0.043207,0.043207,0.059571,-0.120914,-0.120914,9.205728,0.010000
1.005069,1.005069,4.104219,0.042015,0.042015,0.053667,-0.119233,-0.119233,9.219606,0.010000
1.005472,1.005472,4.105160,0.040839,0.040839,0.047900,-0.117578,-0.117578,9.233306,0.010000
1.005863,1.005863,4.106045,0.039680,0.039680,0.042268,-0.115949,-0.115949,9.246819,0.010000
1.006242,1.006242,4.106875,0.038536,0.038536,0.036770,-0.114343,-0.114343,9.260149,0.010000
1.006611,1.006611,4.107653,0.037409,0.037409,0.031402,-0.112757,-0.112757,9.273296,0.010000
1.006968,1.006968,4.108379,0.036297,0.036297,0.026165,-0.111191,-0.111191,9.286260,0.010000
1.007315,1.007315,4.109055,0.035200,0.035200,0.021055,-0.109642,-0.109642,9.299043,0.010000
1.007651,1.007651,4.109681,0.034119,0.034119,0.016072,-0.108108,-0.108108,9.311643,0.010000
1.007976,1.007976,4.110259,0.033053,0.033053,0.011213,-0.106589,-0.106589,9.324066,0.010000
1.008291,1.008291,4.110791,0.032003,0.032003,0.006476,-0.105083,-0.105083,9.336304,0.010000
1.008595,1.008595,4.111277,0.030967,0.030967,0.001859,-0.103589,-0.103589,9.348362,0.010000
1.008889,1.008889,4.111718,0.029946,0.029946,-0.002638,-0.102105,-0.102105,9.360243,0.010000
1.009174,1.009174,4.112117,0.028939,0.028939,-0.007019,-0.100630,-0.100630,9.371943,0.010000
1.009448,1.009448,4.112473,0.027948,0.027948,-0.011284,-0.099165,-0.099165,9.383467,0.010000
1.009713,1.009713,4.112788,0.026971,0.026971,-0.015436,-0.097706,-0.097706,9.394814,0.010000
1.009968,1.009968,4.113064,0.026008,0.026008,-0.019476,-0.096254,-0.096254,9.405984,0.010000
1.010214,1.010214,4.113301,0.025060,0.025060,-0.023407,-0.094807,-0.094807,9.416979,0.010000
1.010451,1.010451,4.113500,0.024126,0.024126,-0.027229,-0.093365,-0.093365,9.427798,0.010000
1.010678,1.010678,4.113663,0.023207,0.023207,-0.030944,-0.091927,-0.091927,9.438441,0.010000
1.010897,1.010897,4.113790,0.022302,0.022302,-0.034555,-0.090494,-0.090494,9.448916,0.010000
1.011106,1.011106,4.113882,0.021411,0.021411,-0.038063,-0.089064,-0.089064,9.459217,0.010000
1.011307,1.011307,4.113941,0.020535,0.020535,-0.041469,-0.087637,-0.087637,9.469349,0.010000
1.011500,1.011500,4.113967,0.019673,0.019673,-0.044776,-0.086213,-0.086213,9.479312,0.010000
1.011684,1.011684,4.113962,0.018825,0.018825,-0.047985,-0.084792,-0.084792,9.489106,0.010000
1.011859,1.011859,4.113925,0.017991,0.017991,-0.051098,-0.083371,-0.083371,9.498734,0.010000
1.012027,1.012027,4.113860,0.017172,0.017172,-0.054116,-0.081955,-0.081955,9.508200,0.010000
1.012187,1.012187,4.113765,0.016366,0.016366,-0.057041,-0.080542,-0.080542,9.517497,0.010000
1.012338,1.012338,4.113643,0.015575,0.015575,-0.059875,-0.079131,-0.079131,9.526631,0.010000
1.012483,1.012483,4.113493,0.014798,0.014798,-0.062619,-0.077722,-0.077722,9.535603,0.010000
1.012619,1.012619,4.113318,0.014035,0.014035,-0.065274,-0.076314,-0.076314,9.544415,0.010000
1.012748,1.012748,4.113117,0.013286,0.013286,-0.067844,-0.074908,-0.074908,9.553067,0.010000
1.012870,1.012870,4.112892,0.012551,0.012551,-0.070328,-0.073507,-0.073507,9.561562,0.010000
1.012985,1.012985,4.112643,0.011829,0.011829,-0.072729,-0.072109,-0.072109,9.569900,0.010000
1.013092,1.013092,4.112371,0.011122,0.011122,-0.075048,-0.070715,-0.070715,9.578079,0.010000
1.013193,1.013193,4.112078,0.010429,0.010429,-0.077287,-0.069324,-0.069324,9.586112,0.010000
1.013287,1.013287,4.111763,0.009750,0.009750,-0.079447,-0.067939,-0.067939,9.593986,0.010000
1.013375,1.013375,4.111428,0.009084,0.009084,-0.081530,-0.066555,-0.066555,9.601710,0.010000
1.013456,1.013456,4.111073,0.008432,0.008432,-0.083537,-0.065181,-0.065181,9.609287,0.010000
1.013530,1.013530,4.110699,0.007794,0.007794,-0.085470,-0.063811,-0.063811,9.616714,0.010000
1.013599,1.013599,4.110307,0.007170,0.007170,-0.087330,-0.062446,-0.062446,9.623995,0.010000
1.013662,1.013662,4.109898,0.006559,0.006559,-0.089119,-0.061087,-0.061087,9.631130,0.010000
1.013718,1.013718,4.109471,0.005962,0.005962,-0.090838,-0.059733,-0.059733,9.638124,0.010000
1.013769,1.013769,4.109029,0.005378,0.005378,-0.092488,-0.058388,-0.058388,9.644972,0.010000
1.013814,1.013814,4.108571,0.004807,0.004807,-0.094071,-0.057051,-0.057051,9.651681,0.010000
1.013854,1.013854,4.108098,0.004250,0.004250,-0.095589,-0.055719,-0.055719,9.658254,0.010000
1.013888,1.013888,4.107610,0.003706,0.003706,-0.097042,-0.054399,-0.054399,9.664687,0.010000
1.013917,1.013917,4.107110,0.003175,0.003175,-0.098432,-0.053087,-0.053087,9.670985,0.010000
1.013941,1.013941,4.106596,0.002657,0.002657,-0.099761,-0.051785,-0.051785,9.677148,0.010000
1.013960,1.013960,4.106070,0.002152,0.002152,-0.101029,-0.050492,-0.050492,9.683180,0.010000
1.013975,1.013975,4.105532,0.001660,0.001660,-0.102238,-0.049208,-0.049208,9.689076,0.010000
1.013984,1.013984,4.104983,0.001181,0.001181,-0.103389,-0.047932,-0.047932,9.694847,0.010000
1.013989,1.013989,4.104423,0.000714,0.000714,-0.104485,-0.046668,-0.046668,9.700489,0.010000
1.013989,1.013989,4.103853,0.000260,0.000260,-0.105525,-0.045418,-0.045418,9.706004,0.010000
1.013985,1.013985,4.103274,-0.000182,-0.000182,-0.106511,-0.044179,-0.044179,9.711396,0.010000
1.013977,1.013977,4.102685,-0.000611,-0.000611,-0.107444,-0.042955,-0.042955,9.716664,0.010000
1.013964,1.013964,4.102088,-0.001029,-0.001029,-0.108326,-0.041745,-0.041745,9.721810,0.010000
1.013948,1.013948,4.101483,-0.001434,-0.001434,-0.109157,-0.040545,-0.040545,9.726839,0.010000
1.013928,1.013928,4.100871,-0.001828,-0.001828,-0.109940,-0.039360,-0.039360,9.731746,0.010000
1.013904,1.013904,4.100251,-0.002210,-0.002210,-0.110675,-0.038190,-0.038190,9.736538,0.010000
1.013876,1.013876,4.099624,-0.002580,-0.002580,-0.111363,-0.037031,-0.037031,9.741214,0.010000
1.013845,1.013845,4.098991,-0.002939,-0.002939,-0.112005,-0.035892,-0.035892,9.745777,0.010000
1.013810,1.013810,4.098353,-0.003287,-0.003287,-0.112602,-0.034765,-0.034765,9.750231,0.010000
1.013772,1.013772,4.097709,-0.003623,-0.003623,-0.113157,-0.033655,-0.033655,9.754571,0.010000
1.013731,1.013731,4.097060,-0.003949,-0.003949,-0.113669,-0.032559,-0.032559,9.758803,0.010000
1.013687,1.013687,4.096407,-0.004263,-0.004263,-0.114139,-0.031482,-0.031482,9.762929,0.010000
1.013640,1.013640,4.095749,-0.004568,-0.004568,-0.114570,-0.030420,-0.030420,9.766950,0.010000
1.013590,1.013590,4.095088,-0.004861,-0.004861,-0.114961,-0.029376,-0.029376,9.770865,0.010000
1.013537,1.013537,4.094424,-0.005145,-0.005145,-0.115315,-0.028349,-0.028349,9.774676,0.010000
1.013481,1.013481,4.093757,-0.005418,-0.005418,-0.115631,-0.027337,-0.027337,9.778388,0.010000
1.013423,1.013423,4.093087,-0.005682,-0.005682,-0.115911,-0.026341,-0.026341,9.782002,0.010000
1.013363,1.013363,4.092414,-0.005935,-0.005935,-0.116155,-0.025369,-0.025369,9.785518,0.010000
1.013300,1.013300,4.091740,-0.006180,-0.006180,-0.116366,-0.024411,-0.024411,9.788937,0.010000
1.013234,1.013234,4.091064,-0.006414,-0.006414,-0.116544,-0.023470,-0.023470,9.792259,0.010000
1.013167,1.013167,4.090387,-0.006640,-0.006640,-0.116689,-0.022542,-0.022542,9.795492,0.010000
1.013097,1.013097,4.089709,-0.006856,-0.006856,-0.116802,-0.021636,-0.021636,9.798631,0.010000
1.013026,1.013026,4.089031,-0.007063,-0.007063,-0.116885,-0.020742,-0.020742,9.801680,0.010000
1.012952,1.012952,4.088352,-0.007262,-0.007262,-0.116939,-0.019868,-0.019868,9.804641,0.010000
1.012876,1.012876,4.087672,-0.007452,-0.007452,-0.116964,-0.019013,-0.019013,9.807513,0.010000
1.012799,1.012799,4.086993,-0.007634,-0.007634,-0.116961,-0.018180,-0.018180,9.810301,0.010000
1.012720,1.012720,4.086315,-0.007808,-0.007808,-0.116931,-0.017365,-0.017365,9.813006,0.010000
1.012640,1.012640,4.085637,-0.007973,-0.007973,-0.116875,-0.016565,-0.016565,9.815627,0.010000
1.012558,1.012558,4.084960,-0.008131,-0.008131,-0.116793,-0.015776,-0.015776,9.818165,0.010000
1.012474,1.012474,4.084284,-0.008281,-0.008281,-0.116687,-0.015011,-0.015011,9.820626,0.010000
1.012389,1.012389,4.083610,-0.008424,-0.008424,-0.116557,-0.014268,-0.014268,9.823007,0.010000
1.012303,1.012303,4.082937,-0.008559,-0.008559,-0.116404,-0.013542,-0.013542,9.825310,0.010000
1.012215,1.012215,4.082266,-0.008688,-0.008688,-0.116228,-0.012830,-0.012830,9.827540,0.010000
1.012126,1.012126,4.081597,-0.008809,-0.008809,-0.116031,-0.012140,-0.012140,9.829693,0.010000
1.012037,1.012037,4.080930,-0.008924,-0.008924,-0.115813,-0.011465,-0.011465,9.831776,0.010000
1.011946,1.011946,4.080266,-0.009032,-0.009032,-0.115576,-0.010815,-0.010815,9.833790,0.010000
1.011854,1.011854,4.079605,-0.009134,-0.009134,-0.115318,-0.010174,-0.010174,9.835729,0.010000
1.011761,1.011761,4.078946,-0.009229,-0.009229,-0.115042,-0.009550,-0.009550,9.837599,0.010000
1.011668,1.011668,4.078290,-0.009318,-0.009318,-0.114748,-0.008927,-0.008927,9.839402,0.010000
1.011573,1.011573,4.077638,-0.009402,-0.009402,-0.114437,-0.008341,-0.008341,9.841140,0.010000
1.011478,1.011478,4.076989,-0.009479,-0.009479,-0.114109,-0.007760,-0.007760,9.842812,0.010000
1.011382,1.011382,4.076344,-0.009551,-0.009551,-0.113765,-0.007209,-0.007209,9.844424,0.010000
1.011286,1.011286,4.075702,-0.009618,-0.009618,-0.113405,-0.006671,-0.006671,9.845970,0.010000
1.011189,1.011189,4.075064,-0.009680,-0.009680,-0.113030,-0.006142,-0.006142,9.847455,0.010000
1.011091,1.011091,4.074430,-0.009736,-0.009736,-0.112642,-0.005619,-0.005619,9.848881,0.010000
1.010993,1.010993,4.073800,-0.009787,-0.009787,-0.112239,-0.005114,-0.005114,9.850248,0.010000
1.010894,1.010894,4.073174,-0.009833,-0.009833,-0.111823,-0.004624,-0.004624,9.851559,0.010000
1.010795,1.010795,4.072553,-0.009875,-0.009875,-0.111395,-0.004161,-0.004161,9.852815,0.010000
1.010696,1.010696,4.071936,-0.009912,-0.009912,-0.110955,-0.003707,-0.003707,9.854012,0.010000
1.010596,1.010596,4.071323,-0.009944,-0.009944,-0.110504,-0.003258,-0.003258,9.855161,0.010000
1.010496,1.010496,4.070716,-0.009973,-0.009973,-0.110041,-0.002828,-0.002828,9.856253,0.010000
1.010396,1.010396,4.070113,-0.009997,-0.009997,-0.109568,-0.002415,-0.002415,9.857293,0.010000
1.010296,1.010296,4.069515,-0.010017,-0.010017,-0.109085,-0.001997,-0.001997,9.858283,0.010000
1.010196,1.010196,4.068922,-0.010033,-0.010033,-0.108593,-0.001612,-0.001612,9.859224,0.010000
1.010095,1.010095,4.068334,-0.010045,-0.010045,-0.108092,-0.001235,-0.001235,9.860120,0.010000
1.009995,1.009995,4.067751,-0.010054,-0.010054,-0.107582,-0.000863,-0.000863,9.860967,0.010000
1.009894,1.009894,4.067174,-0.010059,-0.010059,-0.107065,-0.000518,-0.000518,9.861766,0.010000
1.009793,1.009793,4.066602,-0.010061,-0.010061,-0.106539,-0.000171,-0.000171,9.862523,0.010000
1.009693,1.009693,4.066035,-0.010059,-0.010059,-0.106007,0.000154,0.000154,9.863235,0.010000
1.009592,1.009592,4.065473,-0.010055,-0.010055,-0.105468,0.000460,0.000460,9.863904,0.010000
1.009492,1.009492,4.064917,-0.010047,-0.010047,-0.104923,0.000750,0.000750,9.864532,0.010000
1.009392,1.009392,4.064367,-0.010037,-0.010037,-0.104371,0.001055,0.001055,9.865119,0.010000
1.009292,1.009292,4.063822,-0.010023,-0.010023,-0.103815,0.001348,0.001348,9.865666,0.010000
1.009192,1.009192,4.063282,-0.010007,-0.010007,-0.103253,0.001600,0.001600,9.866176,0.010000
1.009092,1.009092,4.062749,-0.009989,-0.009989,-0.102687,0.001845,0.001845,9.866646,0.010000
1.008992,1.008992,4.062221,-0.009968,-0.009968,-0.102116,0.002087,0.002087,9.867080,0.010000
1.008893,1.008893,4.061699,-0.009944,-0.009944,-0.101541,0.002366,0.002366,9.867478,0.010000
1.008794,1.008794,4.061182,-0.009918,-0.009918,-0.100963,0.002606,0.002606,9.867842,0.010000
1.008695,1.008695,4.060672,-0.009890,-0.009890,-0.100381,0.002853,0.002853,9.868172,0.010000
1.008597,1.008597,4.060168,-0.009859,-0.009859,-0.099796,0.003063,0.003063,9.868466,0.010000
1.008499,1.008499,4.059669,-0.009825,-0.009825,-0.099209,0.003339,0.003339,9.868730,0.010000
1.008401,1.008401,4.059176,-0.009790,-0.009790,-0.098619,0.003577,0.003577,9.868962,0.010000
1.008304,1.008304,4.058690,-0.009752,-0.009752,-0.098028,0.003782,0.003782,9.869164,0.010000
1.008207,1.008207,4.058209,-0.009712,-0.009712,-0.097434,0.003954,0.003954,9.869335,0.010000
1.008110,1.008110,4.057734,-0.009671,-0.009671,-0.096840,0.004159,0.004159,9.869478,0.010000
1.008014,1.008014,4.057265,-0.009627,-0.009627,-0.096244,0.004332,0.004332,9.869594,0.010000
1.007918,1.007918,4.056802,-0.009583,-0.009583,-0.095647,0.004476,0.004476,9.869677,0.010000
1.007823,1.007823,4.056345,-0.009537,-0.009537,-0.095049,0.004592,0.004592,9.869739,0.010000
1.007729,1.007729,4.055894,-0.009489,-0.009489,-0.094452,0.004766,0.004766,9.869774,0.010000
1.007635,1.007635,4.055449,-0.009440,-0.009440,-0.093854,0.004911,0.004911,9.869783,0.010000
1.007541,1.007541,4.055010,-0.009390,-0.009390,-0.093256,0.005029,0.005029,9.869769,0.010000
1.007448,1.007448,4.054577,-0.009338,-0.009338,-0.092659,0.005124,0.005124,9.869732,0.010000
1.007355,1.007355,4.054150,-0.009287,-0.009287,-0.092062,0.005195,0.005195,9.869671,0.010000
1.007263,1.007263,4.053729,-0.009232,-0.009232,-0.091466,0.005443,0.005443,9.869589,0.010000
1.007172,1.007172,4.053314,-0.009175,-0.009175,-0.090871,0.005661,0.005661,9.869486,0.010000
1.007081,1.007081,4.052905,-0.009117,-0.009117,-0.090278,0.005850,0.005850,9.869362,0.010000
1.006991,1.006991,4.052501,-0.009057,-0.009057,-0.089686,0.006012,0.006012,9.869218,0.010000
1.006901,1.006901,4.052104,-0.008995,-0.008995,-0.089095,0.006149,0.006149,9.869056,0.010000
1.006812,1.006812,4.051712,-0.008933,-0.008933,-0.088506,0.006262,0.006262,9.868874,0.010000
1.006724,1.006724,4.051326,-0.008869,-0.008869,-0.087920,0.006354,0.006354,9.868673,0.010000
1.006636,1.006636,4.050946,-0.008805,-0.008805,-0.087335,0.006426,0.006426,9.868456,0.010000
1.006549,1.006549,4.050572,-0.008740,-0.008740,-0.086753,0.006480,0.006480,9.868222,0.010000
1.006462,1.006462,4.050204,-0.008675,-0.008675,-0.086173,0.006516,0.006516,9.867973,0.010000
1.006377,1.006377,4.049841,-0.008610,-0.008610,-0.085596,0.006536,0.006536,9.867706,0.010000
1.006292,1.006292,4.049485,-0.008544,-0.008544,-0.085022,0.006541,0.006541,9.867424,0.010000
1.006207,1.006207,4.049134,-0.008479,-0.008479,-0.084451,0.006534,0.006534,9.867128,0.010000
1.006123,1.006123,4.048788,-0.008414,-0.008414,-0.083882,0.006513,0.006513,9.866818,0.010000
1.006040,1.006040,4.048448,-0.008349,-0.008349,-0.083317,0.006481,0.006481,9.866496,0.010000
1.005957,1.005957,4.048114,-0.008285,-0.008285,-0.082756,0.006438,0.006438,9.866161,0.010000
1.005876,1.005876,4.047785,-0.008221,-0.008221,-0.082198,0.006386,0.006386,9.865814,0.010000
1.005794,1.005794,4.047462,-0.008157,-0.008157,-0.081643,0.006325,0.006325,9.865453,0.010000
1.005714,1.005714,4.047144,-0.008095,-0.008095,-0.081092,0.006257,0.006257,9.865083,0.010000
1.005634,1.005634,4.046832,-0.008033,-0.008033,-0.080545,0.006181,0.006181,9.864700,0.010000
1.005554,1.005554,4.046525,-0.007972,-0.007972,-0.080002,0.006099,0.006099,9.864308,0.010000
1.005476,1.005476,4.046224,-0.007912,-0.007912,-0.079463,0.006012,0.006012,9.863906,0.010000
1.005397,1.005397,4.045928,-0.007853,-0.007853,-0.078928,0.005919,0.005919,9.863493,0.010000
1.005320,1.005320,4.045637,-0.007795,-0.007795,-0.078398,0.005822,0.005822,9.863074,0.010000
1.005243,1.005243,4.045352,-0.007735,-0.007735,-0.077871,0.005919,0.005919,9.862646,0.010000
1.005166,1.005166,4.045071,-0.007675,-0.007675,-0.077349,0.006001,0.006001,9.862209,0.010000
1.005090,1.005090,4.044796,-0.007615,-0.007615,-0.076831,0.006068,0.006068,9.861764,0.010000
1.005015,1.005015,4.044526,-0.007553,-0.007553,-0.076318,0.006124,0.006124,9.861311,0.010000
1.004941,1.004941,4.044261,-0.007492,-0.007492,-0.075810,0.006167,0.006167,9.860851,0.010000
1.004867,1.004867,4.044001,-0.007430,-0.007430,-0.075306,0.006199,0.006199,9.860387,0.010000
1.004793,1.004793,4.043746,-0.007368,-0.007368,-0.074807,0.006221,0.006221,9.859915,0.010000
1.004721,1.004721,4.043496,-0.007305,-0.007305,-0.074312,0.006234,0.006234,9.859437,0.010000
1.004648,1.004648,4.043251,-0.007243,-0.007243,-0.073823,0.006239,0.006239,9.858955,0.010000
1.004577,1.004577,4.043010,-0.007180,-0.007180,-0.073338,0.006318,0.006318,9.858467,0.010000
1.004506,1.004506,4.042775,-0.007116,-0.007116,-0.072858,0.006384,0.006384,9.857974,0.010000
1.004436,1.004436,4.042544,-0.007051,-0.007051,-0.072384,0.006439,0.006439,9.857477,0.010000
1.004366,1.004366,4.042317,-0.006987,-0.006987,-0.071914,0.006484,0.006484,9.856977,0.010000
1.004297,1.004297,4.042096,-0.006921,-0.006921,-0.071449,0.006519,0.006519,9.856473,0.010000
1.004229,1.004229,4.041879,-0.006856,-0.006856,-0.070989,0.006545,0.006545,9.855967,0.010000
1.004162,1.004162,4.041666,-0.006790,-0.006790,-0.070535,0.006562,0.006562,9.855454,0.010000
1.004095,1.004095,4.041458,-0.006725,-0.006725,-0.070086,0.006572,0.006572,9.854942,0.010000
1.004029,1.004029,4.041255,-0.006659,-0.006659,-0.069641,0.006575,0.006575,9.854425,0.010000
1.003963,1.003963,4.041055,-0.006593,-0.006593,-0.069202,0.006572,0.006572,9.853906,0.010000
1.003898,1.003898,4.040860,-0.006527,-0.006527,-0.068768,0.006563,0.006563,9.853387,0.010000
1.003834,1.003834,4.040669,-0.006462,-0.006462,-0.068340,0.006547,0.006547,9.852866,0.010000
1.003770,1.003770,4.040483,-0.006396,-0.006396,-0.067916,0.006589,0.006589,9.852343,0.010000
1.003707,1.003707,4.040300,-0.006330,-0.006330,-0.067498,0.006623,0.006623,9.851818,0.010000
1.003645,1.003645,4.040122,-0.006263,-0.006263,-0.067085,0.006649,0.006649,9.851295,0.010000
1.003583,1.003583,4.039948,-0.006197,-0.006197,-0.066677,0.006668,0.006668,9.850769,0.010000
1.003522,1.003522,4.039778,-0.006130,-0.006130,-0.066275,0.006681,0.006681,9.850242,0.010000
1.003462,1.003462,4.039611,-0.006063,-0.006063,-0.065878,0.006688,0.006688,9.849715,0.010000
1.003402,1.003402,4.039449,-0.005996,-0.005996,-0.065486,0.006691,0.006691,9.849190,0.010000
1.003343,1.003343,4.039290,-0.005929,-0.005929,-0.065099,0.006688,0.006688,9.848664,0.010000
1.003285,1.003285,4.039135,-0.005862,-0.005862,-0.064718,0.006680,0.006680,9.848140,0.010000
1.003227,1.003227,4.038984,-0.005796,-0.005796,-0.064342,0.006667,0.006667,9.847615,0.010000
1.003170,1.003170,4.038836,-0.005729,-0.005729,-0.063971,0.006650,0.006650,9.847093,0.010000
1.003114,1.003114,4.038693,-0.005663,-0.005663,-0.063605,0.006628,0.006628,9.846568,0.010000
1.003059,1.003059,4.038553,-0.005597,-0.005597,-0.063245,0.006604,0.006604,9.846045,0.010000
1.003004,1.003004,4.038416,-0.005531,-0.005531,-0.062890,0.006576,0.006576,9.845525,0.010000
1.002949,1.002949,4.038283,-0.005466,-0.005466,-0.062540,0.006546,0.006546,9.845006,0.010000
1.002896,1.002896,4.038153,-0.005401,-0.005401,-0.062195,0.006514,0.006514,9.844489,0.010000
1.002843,1.002843,4.038027,-0.005335,-0.005335,-0.061855,0.006532,0.006532,9.843972,0.010000
1.002790,1.002790,4.037904,-0.005270,-0.005270,-0.061520,0.006492,0.006492,9.843458,0.010000
1.002738,1.002738,4.037784,-0.005206,-0.005206,-0.061191,0.006451,0.006451,9.842946,0.010000
1.002687,1.002687,4.037668,-0.005142,-0.005142,-0.060866,0.006409,0.006409,9.842438,0.010000
1.002637,1.002637,4.037554,-0.005078,-0.005078,-0.060547,0.006365,0.006365,9.841929,0.010000
1.002587,1.002587,4.037444,-0.005015,-0.005015,-0.060233,0.006321,0.006321,9.841426,0.010000
1.002538,1.002538,4.037337,-0.004952,-0.004952,-0.059924,0.006275,0.006275,9.840924,0.010000
1.002489,1.002489,4.037233,-0.004889,-0.004889,-0.059619,0.006282,0.006282,9.840425,0.010000
1.002441,1.002441,4.037132,-0.004827,-0.004827,-0.059320,0.006233,0.006233,9.839928,0.010000
1.002394,1.002394,4.037034,-0.004765,-0.004765,-0.059026,0.006183,0.006183,9.839434,0.010000
1.002347,1.002347,4.036938,-0.004704,-0.004704,-0.058736,0.006134,0.006134,9.838944,0.010000
1.002301,1.002301,4.036846,-0.004643,-0.004643,-0.058452,0.006084,0.006084,9.838457,0.010000
1.002256,1.002256,4.036756,-0.004583,-0.004583,-0.058172,0.006034,0.006034,9.837974,0.010000
1.002211,1.002211,4.036669,-0.004523,-0.004523,-0.057897,0.005985,0.005985,9.837494,0.010000
1.002166,1.002166,4.036584,-0.004463,-0.004463,-0.057627,0.005989,0.005989,9.837018,0.010000
1.002123,1.002123,4.036502,-0.004403,-0.004403,-0.057362,0.005990,0.005990,9.836545,0.010000
1.002079,1.002079,4.036423,-0.004344,-0.004344,-0.057101,0.005936,0.005936,9.836076,0.010000
1.002037,1.002037,4.036346,-0.004285,-0.004285,-0.056845,0.005883,0.005883,9.835611,0.010000
1.001995,1.001995,4.036272,-0.004226,-0.004226,-0.056593,0.005883,0.005883,9.835149,0.010000
1.001953,1.001953,4.036201,-0.004168,-0.004168,-0.056346,0.005828,0.005828,9.834693,0.010000
1.001913,1.001913,4.036131,-0.004110,-0.004110,-0.056104,0.005775,0.005775,9.834238,0.010000
1.001872,1.001872,4.036065,-0.004053,-0.004053,-0.055866,0.005722,0.005722,9.833788,0.010000
1.001833,1.001833,4.036000,-0.003995,-0.003995,-0.055633,0.005723,0.005723,9.833341,0.010000
1.001794,1.001794,4.035937,-0.003939,-0.003939,-0.055404,0.005670,0.005670,9.832900,0.010000
1.001755,1.001755,4.035877,-0.003882,-0.003882,-0.055179,0.005670,0.005670,9.832462,0.010000
1.001717,1.001717,4.035819,-0.003826,-0.003826,-0.054959,0.005616,0.005616,9.832029,0.010000
1.001680,1.001680,4.035763,-0.003770,-0.003770,-0.054743,0.005564,0.005564,9.831601,0.010000
1.001643,1.001643,4.035709,-0.003715,-0.003715,-0.054531,0.005513,0.005513,9.831176,0.010000
1.001606,1.001606,4.035658,-0.003661,-0.003661,-0.054323,0.005463,0.005463,9.830757,0.010000
1.001571,1.001571,4.035608,-0.003606,-0.003606,-0.054120,0.005467,0.005467,9.830340,0.010000
1.001535,1.001535,4.035561,-0.003551,-0.003551,-0.053921,0.005470,0.005470,9.829927,0.010000
1.001501,1.001501,4.035515,-0.003497,-0.003497,-0.053726,0.005418,0.005418,9.829521,0.010000
1.001467,1.001467,4.035471,-0.003443,-0.003443,-0.053534,0.005421,0.005421,9.829119,0.010000
1.001433,1.001433,4.035429,-0.003389,-0.003389,-0.053347,0.005370,0.005370,9.828720,0.010000
1.001400,1.001400,4.035389,-0.003336,-0.003336,-0.053164,0.005320,0.005320,9.828326,0.010000
1.001367,1.001367,4.035350,-0.003283,-0.003283,-0.052985,0.005272,0.005272,9.827937,0.010000
1.001335,1.001335,4.035314,-0.003231,-0.003231,-0.052809,0.005226,0.005226,9.827554,0.010000
1.001304,1.001304,4.035279,-0.003179,-0.003179,-0.052637,0.005181,0.005181,9.827173,0.010000
1.001273,1.001273,4.035245,-0.003128,-0.003128,-0.052469,0.005075,0.005075,9.826797,0.010000
1.001242,1.001242,4.035213,-0.003078,-0.003078,-0.052305,0.005037,0.005037,9.826426,0.010000
1.001212,1.001212,4.035183,-0.003029,-0.003029,-0.052144,0.004937,0.004937,9.826062,0.010000
1.001182,1.001182,4.035155,-0.002980,-0.002980,-0.051987,0.004905,0.004905,9.825701,0.010000
1.001153,1.001153,4.035128,-0.002931,-0.002931,-0.051834,0.004874,0.004874,9.825344,0.010000
1.001125,1.001125,4.035102,-0.002882,-0.002882,-0.051684,0.004844,0.004844,9.824992,0.010000
1.001097,1.001097,4.035078,-0.002834,-0.002834,-0.051538,0.004815,0.004815,9.824645,0.010000
1.001069,1.001069,4.035055,-0.002786,-0.002786,-0.051395,0.004787,0.004787,9.824304,0.010000
1.001042,1.001042,4.035033,-0.002739,-0.002739,-0.051255,0.004760,0.004760,9.823966,0.010000
1.001015,1.001015,4.035013,-0.002691,-0.002691,-0.051119,0.004734,0.004734,9.823631,0.010000
1.000989,1.000989,4.034995,-0.002645,-0.002645,-0.050986,0.004646,0.004646,9.823304,0.010000
1.000963,1.000963,4.034977,-0.002599,-0.002599,-0.050856,0.004626,0.004626,9.822980,0.010000
1.000938,1.000938,4.034961,-0.002553,-0.002553,-0.050729,0.004606,0.004606,9.822660,0.010000
1.000913,1.000913,4.034946,-0.002507,-0.002507,-0.050606,0.004587,0.004587,9.822346,0.010000
1.000889,1.000889,4.034932,-0.002461,-0.002461,-0.050485,0.004568,0.004568,9.822034,0.010000
1.000865,1.000865,4.034920,-0.002416,-0.002416,-0.050368,0.004550,0.004550,9.821729,0.010000
1.000841,1.000841,4.034908,-0.002370,-0.002370,-0.050254,0.004533,0.004533,9.821426,0.010000
1.000818,1.000818,4.034898,-0.002326,-0.002326,-0.050143,0.004453,0.004453,9.821129,0.010000
1.000795,1.000795,4.034888,-0.002282,-0.002282,-0.050034,0.004378,0.004378,9.820838,0.010000
1.000773,1.000773,4.034880,-0.002239,-0.002239,-0.049929,0.004307,0.004307,9.820552,0.010000
1.000752,1.000752,4.034873,-0.002196,-0.002196,-0.049826,0.004240,0.004240,9.820269,0.010000
1.000730,1.000730,4.034867,-0.002155,-0.002155,-0.049726,0.004177,0.004177,9.819989,0.010000
1.000709,1.000709,4.034862,-0.002113,-0.002113,-0.049629,0.004117,0.004117,9.819714,0.010000
1.000689,1.000689,4.034857,-0.002073,-0.002073,-0.049535,0.004060,0.004060,9.819444,0.010000
1.000669,1.000669,4.034854,-0.002033,-0.002033,-0.049443,0.004007,0.004007,9.819177,0.010000
1.000649,1.000649,4.034852,-0.001993,-0.001993,-0.049354,0.003956,0.003956,9.818915,0.010000
1.000630,1.000630,4.034850,-0.001954,-0.001954,-0.049267,0.003909,0.003909,9.818658,0.010000
1.000611,1.000611,4.034849,-0.001916,-0.001916,-0.049183,0.003864,0.003864,9.818405,0.010000
1.000592,1.000592,4.034849,-0.001877,-0.001877,-0.049101,0.003822,0.003822,9.818156,0.010000
1.000574,1.000574,4.034849,-0.001839,-0.001839,-0.049022,0.003782,0.003782,9.817911,0.010000
1.000556,1.000556,4.034851,-0.001802,-0.001802,-0.048946,0.003745,0.003745,9.817672,0.010000
1.000538,1.000538,4.034853,-0.001765,-0.001765,-0.048871,0.003710,0.003710,9.817436,0.010000
1.000521,1.000521,4.034856,-0.001728,-0.001728,-0.048799,0.003677,0.003677,9.817204,0.010000
1.000505,1.000505,4.034859,-0.001692,-0.001692,-0.048729,0.003647,0.003647,9.816976,0.010000
1.000488,1.000488,4.034863,-0.001656,-0.001656,-0.048662,0.003618,0.003618,9.816753,0.010000
1.000472,1.000472,4.034868,-0.001620,-0.001620,-0.048597,0.003591,0.003591,9.816534,0.010000
1.000457,1.000457,4.034873,-0.001584,-0.001584,-0.048533,0.003565,0.003565,9.816319,0.010000
1.000442,1.000442,4.034880,-0.001549,-0.001549,-0.048472,0.003542,0.003542,9.816109,0.010000
1.000427,1.000427,4.034886,-0.001514,-0.001514,-0.048413,0.003439,0.003439,9.815901,0.010000
1.000412,1.000412,4.034894,-0.001481,-0.001481,-0.048356,0.003341,0.003341,9.815699,0.010000
1.000398,1.000398,4.034901,-0.001448,-0.001448,-0.048301,0.003250,0.003250,9.815499,0.010000
1.000383,1.000383,4.034909,-0.001417,-0.001417,-0.048248,0.003164,0.003164,9.815303,0.010000
1.000370,1.000370,4.034918,-0.001386,-0.001386,-0.048197,0.003084,0.003084,9.815112,0.010000
1.000356,1.000356,4.034927,-0.001356,-0.001356,-0.048148,0.003009,0.003009,9.814924,0.010000
1.000343,1.000343,4.034936,-0.001326,-0.001326,-0.048101,0.002938,0.002938,9.814741,0.010000
1.000330,1.000330,4.034946,-0.001298,-0.001298,-0.048055,0.002872,0.002872,9.814560,0.010000
1.000318,1.000318,4.034957,-0.001269,-0.001269,-0.048011,0.002810,0.002810,9.814384,0.010000
1.000306,1.000306,4.034968,-0.001242,-0.001242,-0.047969,0.002753,0.002753,9.814210,0.010000
1.000294,1.000294,4.034979,-0.001215,-0.001215,-0.047929,0.002699,0.002699,9.814039,0.010000
1.000282,1.000282,4.034991,-0.001188,-0.001188,-0.047890,0.002649,0.002649,9.813873,0.010000
1.000270,1.000270,4.035003,-0.001162,-0.001162,-0.047853,0.002603,0.002603,9.813709,0.010000
1.000259,1.000259,4.035016,-0.001137,-0.001137,-0.047817,0.002559,0.002559,9.813550,0.010000
1.000248,1.000248,4.035028,-0.001112,-0.001112,-0.047783,0.002519,0.002519,9.813394,0.010000
1.000237,1.000237,4.035042,-0.001087,-0.001087,-0.047751,0.002482,0.002482,9.813240,0.010000
1.000227,1.000227,4.035055,-0.001062,-0.001062,-0.047720,0.002448,0.002448,9.813089,0.010000
1.000217,1.000217,4.035069,-0.001038,-0.001038,-0.047691,0.002416,0.002416,9.812943,0.010000
1.000207,1.000207,4.035083,-0.001014,-0.001014,-0.047663,0.002387,0.002387,9.812800,0.010000
1.000197,1.000197,4.035097,-0.000991,-0.000991,-0.047636,0.002360,0.002360,9.812661,0.010000
1.000187,1.000187,4.035111,-0.000967,-0.000967,-0.047611,0.002336,0.002336,9.812524,0.010000
1.000178,1.000178,4.035126,-0.000944,-0.000944,-0.047587,0.002313,0.002313,9.812390,0.010000
1.000169,1.000169,4.035141,-0.000921,-0.000921,-0.047564,0.002293,0.002293,9.812260,0.010000
1.000160,1.000160,4.035156,-0.000899,-0.000899,-0.047543,0.002274,0.002274,9.812134,0.010000
1.000152,1.000152,4.035172,-0.000876,-0.000876,-0.047523,0.002257,0.002257,9.812008,0.010000
1.000143,1.000143,4.035187,-0.000854,-0.000854,-0.047504,0.002242,0.002242,9.811887,0.010000
1.000135,1.000135,4.035203,-0.000831,-0.000831,-0.047486,0.002228,0.002228,9.811768,0.010000
1.000127,1.000127,4.035219,-0.000809,-0.000809,-0.047470,0.002214,0.002214,9.811651,0.010000
1.000119,1.000119,4.035235,-0.000787,-0.000787,-0.047455,0.002201,0.002201,9.811539,0.010000
1.000111,1.000111,4.035251,-0.000767,-0.000767,-0.047440,0.001993,0.001993,9.811427,0.010000
1.000104,1.000104,4.035267,-0.000749,-0.000749,-0.047427,0.001798,0.001798,9.811319,0.010000
1.000097,1.000097,4.035284,-0.000733,-0.000733,-0.047415,0.001614,0.001614,9.811215,0.010000
1.000090,1.000090,4.035300,-0.000719,-0.000719,-0.047404,0.001442,0.001442,9.811113,0.010000
1.000083,1.000083,4.035317,-0.000706,-0.000706,-0.047394,0.001281,0.001281,9.811013,0.010000
1.000076,1.000076,4.035334,-0.000695,-0.000695,-0.047385,0.001130,0.001130,9.810917,0.010000
1.000069,1.000069,4.035350,-0.000685,-0.000685,-0.047376,0.000990,0.000990,9.810822,0.010000
1.000062,1.000062,4.035367,-0.000676,-0.000676,-0.047369,0.000858,0.000858,9.810731,0.010000
1.000056,1.000056,4.035384,-0.000669,-0.000669,-0.047363,0.000735,0.000735,9.810642,0.010000
1.000049,1.000049,4.035401,-0.000663,-0.000663,-0.047357,0.000621,0.000621,9.810556,0.010000
1.000042,1.000042,4.035418,-0.000657,-0.000657,-0.047352,0.000514,0.000514,9.810471,0.010000
1.000036,1.000036,4.035435,-0.000653,-0.000653,-0.047348,0.000415,0.000415,9.810388,0.010000
1.000029,1.000029,4.035452,-0.000650,-0.000650,-0.047345,0.000323,0.000323,9.810308,0.010000
1.000023,1.000023,4.035470,-0.000648,-0.000648,-0.047343,0.000238,0.000238,9.810229,0.010000
1.000017,1.000017,4.035487,-0.000646,-0.000646,-0.047342,0.000159,0.000159,9.810155,0.010000
1.000010,1.000010,4.035504,-0.000645,-0.000645,-0.047341,0.000086,0.000086,9.810081,0.010000
1.000004,1.000004,4.035521,-0.000645,-0.000645,-0.047341,0.000019,0.000019,9.810010,0.010000
0.999997,0.999997,4.035538,-0.000645,-0.000645,-0.047341,-0.000043,-0.000043,9.809941,0.010000
0.999991,0.999991,4.035555,-0.000646,-0.000646,-0.047342,-0.000100,-0.000100,9.809875,0.010000
0.999984,0.999984,4.035573,-0.000648,-0.000648,-0.047344,-0.000152,-0.000152,9.809810,0.010000
0.999978,0.999978,4.035590,-0.000648,-0.000648,-0.047347,-0.000003,-0.000003,9.809747,0.010000
0.999971,0.999971,4.035607,-0.000647,-0.000647,-0.047350,0.000138,0.000138,9.809687,0.010000
0.999965,0.999965,4.035624,-0.000644,-0.000644,-0.047354,0.000273,0.000273,9.809627,0.010000
0.999959,0.999959,4.035641,-0.000640,-0.000640,-0.047358,0.000401,0.000401,9.809569,0.010000
0.999952,0.999952,4.035657,-0.000635,-0.000635,-0.047363,0.000523,0.000523,9.809516,0.010000
0.999946,0.999946,4.035674,-0.000628,-0.000628,-0.047368,0.000639,0.000639,9.809464,0.010000
0.999940,0.999940,4.035691,-0.000621,-0.000621,-0.047374,0.000750,0.000750,9.809413,0.010000
0.999934,0.999934,4.035707,-0.000612,-0.000612,-0.047381,0.000854,0.000854,9.809364,0.010000
0.999928,0.999928,4.035724,-0.000603,-0.000603,-0.047387,0.000954,0.000954,9.809316,0.010000
0.999922,0.999922,4.035741,-0.000592,-0.000592,-0.047395,0.001048,0.001048,9.809270,0.010000
0.999916,0.999916,4.035757,-0.000581,-0.000581,-0.047402,0.001137,0.001137,9.809225,0.010000
0.999911,0.999911,4.035773,-0.000569,-0.000569,-0.047411,0.001222,0.001222,9.809183,0.010000
0.999905,0.999905,4.035789,-0.000556,-0.000556,-0.047419,0.001303,0.001303,9.809143,0.010000
0.999900,0.999900,4.035806,-0.000542,-0.000542,-0.047428,0.001379,0.001379,9.809104,0.010000
0.999894,0.999894,4.035822,-0.000527,-0.000527,-0.047438,0.001451,0.001451,9.809066,0.010000
0.999889,0.999889,4.035838,-0.000512,-0.000512,-0.047447,0.001519,0.001519,9.809030,0.010000
0.999885,0.999885,4.035854,-0.000496,-0.000496,-0.047457,0.001584,0.001584,9.808993,0.010000
0.999880,0.999880,4.035870,-0.000480,-0.000480,-0.047468,0.001644,0.001644,9.808960,0.010000
0.999875,0.999875,4.035885,-0.000465,-0.000465,-0.047478,0.001506,0.001506,9.808928,0.010000
0.999871,0.999871,4.035901,-0.000451,-0.000451,-0.047489,0.001375,0.001375,9.808897,0.010000
0.999866,0.999866,4.035916,-0.000438,-0.000438,-0.047501,0.001252,0.001252,9.808867,0.010000
0.999862,0.999862,4.035932,-0.000427,-0.000427,-0.047512,0.001136,0.001136,9.808840,0.010000
0.999858,0.999858,4.035947,-0.000417,-0.000417,-0.047524,0.001028,0.001028,9.808814,0.010000
0.999854,0.999854,4.035962,-0.000408,-0.000408,-0.047536,0.000926,0.000926,9.808789,0.010000
0.999850,0.999850,4.035977,-0.000399,-0.000399,-0.047549,0.000830,0.000830,9.808764,0.010000
0.999846,0.999846,4.035992,-0.000392,-0.000392,-0.047561,0.000740,0.000740,9.808743,0.010000
0.999842,0.999842,4.036006,-0.000385,-0.000385,-0.047574,0.000656,0.000656,9.808721,0.010000
0.999839,0.999839,4.036021,-0.000380,-0.000380,-0.047587,0.000578,0.000578,9.808700,0.010000
0.999835,0.999835,4.036036,-0.000374,-0.000374,-0.047600,0.000504,0.000504,9.808680,0.010000
0.999831,0.999831,4.036050,-0.000370,-0.000370,-0.047614,0.000435,0.000435,9.808662,0.010000
0.999828,0.999828,4.036064,-0.000366,-0.000366,-0.047627,0.000371,0.000371,9.808645,0.010000
0.999824,0.999824,4.036078,-0.000363,-0.000363,-0.047641,0.000312,0.000312,9.808629,0.010000
0.999820,0.999820,4.036092,-0.000361,-0.000361,-0.047655,0.000256,0.000256,9.808614,0.010000
0.999817,0.999817,4.036106,-0.000359,-0.000359,-0.047669,0.000205,0.000205,9.808600,0.010000
0.999813,0.999813,4.036119,-0.000357,-0.000357,-0.047683,0.000157,0.000157,9.808588,0.010000
0.999810,0.999810,4.036133,-0.000356,-0.000356,-0.047697,0.000113,0.000113,9.808574,0.010000
0.999806,0.999806,4.036146,-0.000355,-0.000355,-0.047712,0.000072,0.000072,9.808563,0.010000
0.999803,0.999803,4.036160,-0.000355,-0.000355,-0.047726,0.000034,0.000034,9.808554,0.010000
0.999799,0.999799,4.036172,-0.000355,-0.000355,-0.047741,-0.000001,-0.000001,9.808544,0.010000
0.999795,0.999795,4.036185,-0.000355,-0.000355,-0.047755,-0.000033,-0.000033,9.808536,0.010000
0.999792,0.999792,4.036198,-0.000356,-0.000356,-0.047770,-0.000063,-0.000063,9.808528,0.010000
0.999788,0.999788,4.036211,-0.000357,-0.000357,-0.047785,-0.000090,-0.000090,9.808521,0.010000
0.999785,0.999785,4.036223,-0.000358,-0.000358,-0.047800,-0.000114,-0.000114,9.808516,0.010000
0.999781,0.999781,4.036235,-0.000359,-0.000359,-0.047815,-0.000137,-0.000137,9.808511,0.010000
0.999777,0.999777,4.036247,-0.000361,-0.000361,-0.047830,-0.000157,-0.000157,9.808506,0.010000
0.999774,0.999774,4.036259,-0.000361,-0.000361,-0.047844,0.000021,0.000021,9.808504,0.010000
0.999770,0.999770,4.036271,-0.000359,-0.000359,-0.047859,0.000189,0.000189,9.808501,0.010000
0.999767,0.999767,4.036283,-0.000355,-0.000355,-0.047874,0.000349,0.000349,9.808498,0.010000
0.999763,0.999763,4.036294,-0.000350,-0.000350,-0.047890,0.000499,0.000499,9.808497,0.010000
0.999760,0.999760,4.036305,-0.000344,-0.000344,-0.047905,0.000642,0.000642,9.808497,0.010000
0.999757,0.999757,4.036317,-0.000336,-0.000336,-0.047920,0.000776,0.000776,9.808496,0.010000
0.999753,0.999753,4.036328,-0.000327,-0.000327,-0.047935,0.000903,0.000903,9.808496,0.010000
0.999750,0.999750,4.036339,-0.000317,-0.000317,-0.047950,0.001023,0.001023,9.808496,0.010000
0.999747,0.999747,4.036350,-0.000305,-0.000305,-0.047965,0.001136,0.001136,9.808497,0.010000
0.999744,0.999744,4.036360,-0.000295,-0.000295,-0.047980,0.001046,0.001046,9.808498,0.010000
0.999742,0.999742,4.036371,-0.000285,-0.000285,-0.047995,0.000962,0.000962,9.808502,0.010000
0.999739,0.999739,4.036381,-0.000277,-0.000277,-0.048010,0.000882,0.000882,9.808504,0.010000
0.999736,0.999736,4.036391,-0.000269,-0.000269,-0.048025,0.000806,0.000806,9.808508,0.010000
0.999734,0.999734,4.036401,-0.000261,-0.000261,-0.048039,0.000735,0.000735,9.808513,0.010000
0.999731,0.999731,4.036411,-0.000254,-0.000254,-0.048054,0.000669,0.000669,9.808517,0.010000
0.999729,0.999729,4.036421,-0.000248,-0.000248,-0.048069,0.000606,0.000606,9.808521,0.010000
0.999726,0.999726,4.036430,-0.000243,-0.000243,-0.048084,0.000547,0.000547,9.808527,0.010000
0.999724,0.999724,4.036440,-0.000238,-0.000238,-0.048098,0.000492,0.000492,9.808534,0.010000
0.999722,0.999722,4.036449,-0.000234,-0.000234,-0.048113,0.000440,0.000440,9.808539,0.010000
0.999719,0.999719,4.036458,-0.000230,-0.000230,-0.048128,0.000392,0.000392,9.808548,0.010000
0.999717,0.999717,4.036467,-0.000226,-0.000226,-0.048142,0.000346,0.000346,9.808555,0.010000
0.999715,0.999715,4.036476,-0.000223,-0.000223,-0.048156,0.000304,0.000304,9.808561,0.010000
0.999713,0.999713,4.036485,-0.000221,-0.000221,-0.048171,0.000264,0.000264,9.808568,0.010000
0.999711,0.999711,4.036493,-0.000218,-0.000218,-0.048185,0.000227,0.000227,9.808577,0.010000
0.999708,0.999708,4.036502,-0.000216,-0.000216,-0.048199,0.000192,0.000192,9.808585,0.010000
0.999706,0.999706,4.036510,-0.000215,-0.000215,-0.048213,0.000160,0.000160,9.808594,0.010000
0.999704,0.999704,4.036518,-0.000213,-0.000213,-0.048227,0.000130,0.000130,9.808604,0.010000
0.999702,0.999702,4.036526,-0.000212,-0.000212,-0.048241,0.000102,0.000102,9.808613,0.010000
0.999700,0.999700,4.036534,-0.000212,-0.000212,-0.048255,0.000077,0.000077,9.808622,0.010000
0.999698,0.999698,4.036542,-0.000211,-0.000211,-0.048269,0.000053,0.000053,9.808631,0.010000
0.999696,0.999696,4.036550,-0.000211,-0.000211,-0.048282,0.000031,0.000031,9.808642,0.010000
0.999694,0.999694,4.036557,-0.000211,-0.000211,-0.048296,0.000010,0.000010,9.808652,0.010000
0.999691,0.999691,4.036564,-0.000211,-0.000211,-0.048309,-0.000008,-0.000008,9.808661,0.010000
0.999689,0.999689,4.036572,-0.000211,-0.000211,-0.048322,-0.000026,-0.000026,9.808673,0.010000
0.999687,0.999687,4.036579,-0.000212,-0.000212,-0.048335,-0.000041,-0.000041,9.808684,0.010000
0.999685,0.999685,4.036586,-0.000212,-0.000212,-0.048349,-0.000056,-0.000056,9.808696,0.010000
0.999683,0.999683,4.036592,-0.000213,-0.000213,-0.048361,-0.000069,-0.000069,9.808705,0.010000
0.999681,0.999681,4.036599,-0.000214,-0.000214,-0.048374,-0.000082,-0.000082,9.808718,0.010000
0.999679,0.999679,4.036606,-0.000215,-0.000215,-0.048387,-0.000095,-0.000095,9.808729,0.010000
0.999677,0.999677,4.036613,-0.000216,-0.000216,-0.048400,-0.000108,-0.000108,9.808742,0.010000
0.999674,0.999674,4.036619,-0.000217,-0.000217,-0.048412,-0.000120,-0.000120,9.808752,0.010000
0.999672,0.999672,4.036625,-0.000218,-0.000218,-0.048424,-0.000132,-0.000132,9.808764,0.010000
0.999670,0.999670,4.036631,-0.000220,-0.000220,-0.048437,-0.000144,-0.000144,9.808778,0.010000
0.999668,0.999668,4.036637,-0.000219,-0.000219,-0.048449,0.000041,0.000041,9.808790,0.010000
0.999666,0.999666,4.036643,-0.000217,-0.000217,-0.048461,0.000217,0.000217,9.808804,0.010000
0.999664,0.999664,4.036648,-0.000213,-0.000213,-0.048473,0.000383,0.000383,9.808817,0.010000
0.999662,0.999662,4.036654,-0.000208,-0.000208,-0.048484,0.000539,0.000539,9.808828,0.010000
0.999660,0.999660,4.036659,-0.000201,-0.000201,-0.048496,0.000687,0.000687,9.808842,0.010000
0.999658,0.999658,4.036664,-0.000193,-0.000193,-0.048507,0.000826,0.000826,9.808855,0.010000
0.999656,0.999656,4.036670,-0.000183,-0.000183,-0.048519,0.000958,0.000958,9.808867,0.010000
0.999654,0.999654,4.036675,-0.000174,-0.000174,-0.048530,0.000885,0.000885,9.808881,0.010000
0.999653,0.999653,4.036680,-0.000166,-0.000166,-0.048541,0.000816,0.000816,9.808893,0.010000
0.999651,0.999651,4.036685,-0.000159,-0.000159,-0.048552,0.000752,0.000752,9.808906,0.010000
0.999650,0.999650,4.036690,-0.000152,-0.000152,-0.048563,0.000690,0.000690,9.808920,0.010000
0.999648,0.999648,4.036695,-0.000145,-0.000145,-0.048573,0.000633,0.000633,9.808932,0.010000
0.999647,0.999647,4.036699,-0.000140,-0.000140,-0.048584,0.000579,0.000579,9.808946,0.010000
0.999645,0.999645,4.036704,-0.000134,-0.000134,-0.048594,0.000528,0.000528,9.808958,0.010000
0.999644,0.999644,4.036708,-0.000129,-0.000129,-0.048605,0.000480,0.000480,9.808972,0.010000
0.999643,0.999643,4.036712,-0.000125,-0.000125,-0.048615,0.000434,0.000434,9.808986,0.010000
0.999642,0.999642,4.036716,-0.000121,-0.000121,-0.048625,0.000392,0.000392,9.809000,0.010000
0.999641,0.999641,4.036721,-0.000118,-0.000118,-0.048635,0.000352,0.000352,9.809011,0.010000
0.999639,0.999639,4.036725,-0.000115,-0.000115,-0.048644,0.000315,0.000315,9.809024,0.010000
0.999638,0.999638,4.036728,-0.000112,-0.000112,-0.048654,0.000280,0.000280,9.809039,0.010000
0.999637,0.999637,4.036732,-0.000109,-0.000109,-0.048664,0.000247,0.000247,9.809052,0.010000
0.999636,0.999636,4.036736,-0.000107,-0.000107,-0.048673,0.000217,0.000217,9.809066,0.010000
0.999635,0.999635,4.036740,-0.000105,-0.000105,-0.048682,0.000188,0.000188,9.809078,0.010000
0.999634,0.999634,4.036743,-0.000104,-0.000104,-0.048691,0.000161,0.000161,9.809091,0.010000
0.999633,0.999633,4.036747,-0.000102,-0.000102,-0.048700,0.000137,0.000137,9.809105,0.010000
0.999632,0.999632,4.036750,-0.000101,-0.000101,-0.048709,0.000113,0.000113,9.809118,0.010000
0.999631,0.999631,4.036753,-0.000100,-0.000100,-0.048718,0.000092,0.000092,9.809131,0.010000
0.999630,0.999630,4.036757,-0.000099,-0.000099,-0.048726,0.000072,0.000072,9.809143,0.010000
0.999629,0.999629,4.036760,-0.000099,-0.000099,-0.048735,0.000053,0.000053,9.809155,0.010000
0.999628,0.999628,4.036763,-0.000099,-0.000099,-0.048743,0.000036,0.000036,9.809168,0.010000
0.999627,0.999627,4.036766,-0.000098,-0.000098,-0.048751,0.000020,0.000020,9.809181,0.010000
0.999626,0.999626,4.036768,-0.000098,-0.000098,-0.048759,0.000006,0.000006,9.809196,0.010000
0.999625,0.999625,4.036771,-0.000098,-0.000098,-0.048767,-0.000008,-0.000008,9.809208,0.010000
0.999624,0.999624,4.036774,-0.000099,-0.000099,-0.048775,-0.000021,-0.000021,9.809219,0.010000
0.999623,0.999623,4.036777,-0.000099,-0.000099,-0.048783,-0.000035,-0.000035,9.809233,0.010000
0.999622,0.999622,4.036779,-0.000099,-0.000099,-0.048790,-0.000048,-0.000048,9.809244,0.010000
0.999621,0.999621,4.036782,-0.000100,-0.000100,-0.048798,-0.000061,-0.000061,9.809257,0.010000
0.999620,0.999620,4.036784,-0.000101,-0.000101,-0.048805,-0.000074,-0.000074,9.809269,0.010000
0.999619,0.999619,4.036787,-0.000102,-0.000102,-0.048812,-0.000087,-0.000087,9.809281,0.010000
0.999618,0.999618,4.036789,-0.000103,-0.000103,-0.048819,-0.000100,-0.000100,9.809295,0.010000
0.999617,0.999617,4.036791,-0.000104,-0.000104,-0.048826,-0.000113,-0.000113,9.809305,0.010000
0.999616,0.999616,4.036793,-0.000105,-0.000105,-0.048833,-0.000125,-0.000125,9.809317,0.010000
0.999615,0.999615,4.036795,-0.000106,-0.000106,-0.048840,-0.000137,-0.000137,9.809329,0.010000
0.999614,0.999614,4.036797,-0.000108,-0.000108,-0.048846,-0.000149,-0.000149,9.809341,0.010000
0.999613,0.999613,4.036799,-0.000109,-0.000109,-0.048853,-0.000161,-0.000161,9.809354,0.010000
0.999611,0.999611,4.036801,-0.000111,-0.000111,-0.048859,-0.000172,-0.000172,9.809366,0.010000
0.999610,0.999610,4.036803,-0.000113,-0.000113,-0.048865,-0.000183,-0.000183,9.809378,0.010000
0.999609,0.999609,4.036805,-0.000115,-0.000115,-0.048871,-0.000193,-0.000193,9.809388,0.010000
0.999608,0.999608,4.036807,-0.000117,-0.000117,-0.048877,-0.000203,-0.000203,9.809400,0.010000
0.999607,0.999607,4.036808,-0.000119,-0.000119,-0.048883,-0.000213,-0.000213,9.809409,0.010000
0.999606,0.999606,4.036809,-0.000121,-0.000121,-0.048889,-0.000222,-0.000222,9.809422,0.010000
0.999604,0.999604,4.036811,-0.000124,-0.000124,-0.048895,-0.000231,-0.000231,9.809433,0.010000
0.999603,0.999603,4.036812,-0.000126,-0.000126,-0.048900,-0.000240,-0.000240,9.809445,0.010000
0.999602,0.999602,4.036814,-0.000127,-0.000127,-0.048906,-0.000051,-0.000051,9.809457,0.010000
0.999601,0.999601,4.036815,-0.000125,-0.000125,-0.048911,0.000128,0.000128,9.809467,0.010000
0.999599,0.999599,4.036817,-0.000122,-0.000122,-0.048916,0.000297,0.000297,9.809477,0.010000
0.999598,0.999598,4.036818,-0.000118,-0.000118,-0.048922,0.000457,0.000457,9.809487,0.010000
0.999597,0.999597,4.036819,-0.000112,-0.000112,-0.048927,0.000608,0.000608,9.809497,0.010000
0.999596,0.999596,4.036820,-0.000104,-0.000104,-0.048932,0.000750,0.000750,9.809505,0.010000
0.999595,0.999595,4.036821,-0.000097,-0.000097,-0.048936,0.000688,0.000688,9.809517,0.010000
0.999594,0.999594,4.036822,-0.000091,-0.000091,-0.048941,0.000630,0.000630,9.809527,0.010000
0.999593,0.999593,4.036823,-0.000085,-0.000085,-0.048946,0.000575,0.000575,9.809538,0.010000
0.999593,0.999593,4.036824,-0.000080,-0.000080,-0.048950,0.000523,0.000523,9.809548,0.010000
0.999592,0.999592,4.036825,-0.000075,-0.000075,-0.048955,0.000474,0.000474,9.809557,0.010000
0.999591,0.999591,4.036826,-0.000071,-0.000071,-0.048959,0.000428,0.000428,9.809566,0.010000
0.999591,0.999591,4.036827,-0.000067,-0.000067,-0.048963,0.000385,0.000385,9.809576,0.010000
0.999590,0.999590,4.036828,-0.000064,-0.000064,-0.048967,0.000345,0.000345,9.809585,0.010000
0.999589,0.999589,4.036829,-0.000061,-0.000061,-0.048971,0.000307,0.000307,9.809593,0.010000
0.999589,0.999589,4.036830,-0.000058,-0.000058,-0.048975,0.000272,0.000272,9.809603,0.010000
0.999588,0.999588,4.036830,-0.000055,-0.000055,-0.048979,0.000239,0.000239,9.809610,0.010000
0.999588,0.999588,4.036831,-0.000053,-0.000053,-0.048983,0.000208,0.000208,9.809620,0.010000
0.999587,0.999587,4.036831,-0.000052,-0.000052,-0.048987,0.000179,0.000179,9.809629,0.010000
0.999587,0.999587,4.036832,-0.000050,-0.000050,-0.048990,0.000152,0.000152,9.809639,0.010000
0.999586,0.999586,4.036832,-0.000049,-0.000049,-0.048994,0.000127,0.000127,9.809648,0.010000
0.999586,0.999586,4.036833,-0.000048,-0.000048,-0.048997,0.000104,0.000104,9.809656,0.010000
0.999585,0.999585,4.036833,-0.000047,-0.000047,-0.049001,0.000082,0.000082,9.809665,0.010000
0.999585,0.999585,4.036834,-0.000046,-0.000046,-0.049004,0.000062,0.000062,9.809672,0.010000
0.999584,0.999584,4.036834,-0.000046,-0.000046,-0.049007,0.000044,0.000044,9.809681,0.010000
0.999584,0.999584,4.036835,-0.000046,-0.000046,-0.049010,0.000026,0.000026,9.809689,0.010000
0.999583,0.999583,4.036835,-0.000046,-0.000046,-0.049013,0.000010,0.000010,9.809695,0.010000
0.999583,0.999583,4.036836,-0.000046,-0.000046,-0.049016,-0.000004,-0.000004,9.809704,0.010000
0.999583,0.999583,4.036836,-0.000046,-0.000046,-0.049019,-0.000018,-0.000018,9.809711,0.010000
0.999582,0.999582,4.036837,-0.000046,-0.000046,-0.049022,-0.000031,-0.000031,9.809717,0.010000
0.999582,0.999582,4.036837,-0.000047,-0.000047,-0.049025,-0.000044,-0.000044,9.809724,0.010000
0.999581,0.999581,4.036837,-0.000047,-0.000047,-0.049028,-0.000058,-0.000058,9.809732,0.010000
0.999581,0.999581,4.036837,-0.000048,-0.000048,-0.049030,-0.000071,-0.000071,9.809739,0.010000
0.999580,0.999580,4.036837,-0.000049,-0.000049,-0.049033,-0.000084,-0.000084,9.809748,0.010000
0.999580,0.999580,4.036837,-0.000050,-0.000050,-0.049035,-0.000097,-0.000097,9.809755,0.010000
0.999579,0.999579,4.036837,-0.000051,-0.000051,-0.049038,-0.000109,-0.000109,9.809762,0.010000
0.999579,0.999579,4.036837,-0.000052,-0.000052,-0.049040,-0.000122,-0.000122,9.809770,0.010000
0.999578,0.999578,4.036837,-0.000053,-0.000053,-0.049042,-0.000134,-0.000134,9.809776,0.010000
0.999578,0.999578,4.036837,-0.000055,-0.000055,-0.049044,-0.000146,-0.000146,9.809784,0.010000
0.999577,0.999577,4.036837,-0.000056,-0.000056,-0.049046,-0.000157,-0.000157,9.809790,0.010000
0.999576,0.999576,4.036837,-0.000058,-0.000058,-0.049048,-0.000169,-0.000169,9.809796,0.010000
0.999576,0.999576,4.036837,-0.000060,-0.000060,-0.049050,-0.000180,-0.000180,9.809802,0.010000
0.999575,0.999575,4.036837,-0.000062,-0.000062,-0.049052,-0.000190,-0.000190,9.809808,0.010000
0.999574,0.999574,4.036837,-0.000064,-0.000064,-0.049054,-0.000200,-0.000200,9.809813,0.010000
0.999574,0.999574,4.036837,-0.000066,-0.000066,-0.049056,-0.000210,-0.000210,9.809819,0.010000
0.999573,0.999573,4.036837,-0.000068,-0.000068,-0.049058,-0.000220,-0.000220,9.809825,0.010000
0.999572,0.999572,4.036837,-0.000070,-0.000070,-0.049059,-0.000229,-0.000229,9.809831,0.010000
0.999572,0.999572,4.036837,-0.000073,-0.000073,-0.049061,-0.000237,-0.000237,9.809835,0.010000
0.999571,0.999571,4.036837,-0.000075,-0.000075,-0.049063,-0.000245,-0.000245,9.809841,0.010000
0.999570,0.999570,4.036837,-0.000078,-0.000078,-0.049064,-0.000253,-0.000253,9.809845,0.010000
0.999569,0.999569,4.036837,-0.000080,-0.000080,-0.049066,-0.000260,-0.000260,9.809850,0.010000
0.999568,0.999568,4.036837,-0.000083,-0.000083,-0.049067,-0.000266,-0.000266,9.809855,0.010000
0.999568,0.999568,4.036837,-0.000084,-0.000084,-0.049069,-0.000075,-0.000075,9.809859,0.010000
0.999567,0.999567,4.036837,-0.000083,-0.000083,-0.049070,0.000105,0.000105,9.809864,0.010000
0.999566,0.999566,4.036837,-0.000080,-0.000080,-0.049071,0.000276,0.000276,9.809868,0.010000
0.999565,0.999565,4.036837,-0.000075,-0.000075,-0.049073,0.000437,0.000437,9.809872,0.010000
0.999565,0.999565,4.036836,-0.000070,-0.000070,-0.049074,0.000590,0.000590,9.809876,0.010000
0.999564,0.999564,4.036836,-0.000062,-0.000062,-0.049075,0.000733,0.000733,9.809880,0.010000
0.999563,0.999563,4.036835,-0.000055,-0.000055,-0.049076,0.000673,0.000673,9.809886,0.010000
0.999563,0.999563,4.036835,-0.000049,-0.000049,-0.049077,0.000615,0.000615,9.809891,0.010000
0.999563,0.999563,4.036834,-0.000044,-0.000044,-0.049078,0.000561,0.000561,9.809897,0.010000
0.999562,0.999562,4.036834,-0.000039,-0.000039,-0.049079,0.000511,0.000511,9.809902,0.010000
0.999562,0.999562,4.036833,-0.000034,-0.000034,-0.049080,0.000463,0.000463,9.809907,0.010000
0.999562,0.999562,4.036833,-0.000030,-0.000030,-0.049081,0.000418,0.000418,9.809912,0.010000
0.999561,0.999561,4.036832,-0.000026,-0.000026,-0.049082,0.000376,0.000376,9.809916,0.010000
0.999561,0.999561,4.036832,-0.000023,-0.000023,-0.049083,0.000336,0.000336,9.809919,0.010000
0.999561,0.999561,4.036831,-0.000020,-0.000020,-0.049084,0.000299,0.000299,9.809924,0.010000
0.999561,0.999561,4.036831,-0.000017,-0.000017,-0.049084,0.000265,0.000265,9.809929,0.010000
0.999561,0.999561,4.036830,-0.000015,-0.000015,-0.049085,0.000233,0.000233,9.809933,0.010000
0.999561,0.999561,4.036830,-0.000013,-0.000013,-0.049086,0.000202,0.000202,9.809937,0.010000
0.999560,0.999560,4.036829,-0.000011,-0.000011,-0.049086,0.000174,0.000174,9.809940,0.010000
0.999560,0.999560,4.036829,-0.000009,-0.000009,-0.049087,0.000148,0.000148,9.809944,0.010000
0.999560,0.999560,4.036829,-0.000008,-0.000008,-0.049087,0.000123,0.000123,9.809947,0.010000
0.999560,0.999560,4.036828,-0.000007,-0.000007,-0.049088,0.000100,0.000100,9.809951,0.010000
0.999560,0.999560,4.036828,-0.000006,-0.000006,-0.049088,0.000079,0.000079,9.809955,0.010000
0.999560,0.999560,4.036827,-0.000006,-0.000006,-0.049089,0.000060,0.000060,9.809958,0.010000
0.999560,0.999560,4.036827,-0.000005,-0.000005,-0.049089,0.000041,0.000041,9.809960,0.010000
0.999560,0.999560,4.036826,-0.000005,-0.000005,-0.049089,0.000025,0.000025,9.809964,0.010000
0.999560,0.999560,4.036826,-0.000005,-0.000005,-0.049090,0.000009,0.000009,9.809967,0.010000
0.999560,0.999560,4.036825,-0.000005,-0.000005,-0.049090,-0.000005,-0.000005,9.809971,0.010000
0.999560,0.999560,4.036825,-0.000005,-0.000005,-0.049090,-0.000018,-0.000018,9.809973,0.010000
0.999560,0.999560,4.036824,-0.000006,-0.000006,-0.049091,-0.000031,-0.000031,9.809976,0.010000
0.999560,0.999560,4.036824,-0.000006,-0.000006,-0.049091,-0.000045,-0.000045,9.809978,0.010000
0.999560,0.999560,4.036823,-0.000007,-0.000007,-0.049091,-0.000057,-0.000057,9.809981,0.010000
0.999560,0.999560,4.036823,-0.000007,-0.000007,-0.049091,-0.000070,-0.000070,9.809983,0.010000
0.999560,0.999560,4.036822,-0.000008,-0.000008,-0.049091,-0.000083,-0.000083,9.809986,0.010000
0.999559,0.999559,4.036822,-0.000009,-0.000009,-0.049091,-0.000096,-0.000096,9.809988,0.010000
0.999559,0.999559,4.036821,-0.000010,-0.000010,-0.049092,-0.000108,-0.000108,9.809990,0.010000
0.999559,0.999559,4.036821,-0.000011,-0.000011,-0.049092,-0.000120,-0.000120,9.809992,0.010000
0.999559,0.999559,4.036820,-0.000013,-0.000013,-0.049092,-0.000132,-0.000132,9.809996,0.010000
0.999559,0.999559,4.036820,-0.000014,-0.000014,-0.049092,-0.000143,-0.000143,9.809998,0.010000
0.999559,0.999559,4.036819,-0.000016,-0.000016,-0.049092,-0.000155,-0.000155,9.809999,0.010000
0.999559,0.999559,4.036819,-0.000017,-0.000017,-0.049092,-0.000166,-0.000166,9.810001,0.010000
0.999558,0.999558,4.036819,-0.000019,-0.000019,-0.049092,-0.000177,-0.000177,9.810003,0.010000
0.999558,0.999558,4.036818,-0.000021,-0.000021,-0.049092,-0.000187,-0.000187,9.810005,0.010000
0.999558,0.999558,4.036818,-0.000023,-0.000023,-0.049092,-0.000197,-0.000197,9.810007,0.010000
0.999558,0.999558,4.036817,-0.000025,-0.000025,-0.049091,-0.000206,-0.000206,9.810008,0.010000
0.999557,0.999557,4.036817,-0.000027,-0.000027,-0.049091,-0.000216,-0.000216,9.810009,0.010000
0.999557,0.999557,4.036816,-0.000029,-0.000029,-0.049091,-0.000224,-0.000224,9.810011,0.010000
0.999557,0.999557,4.036816,-0.000032,-0.000032,-0.049091,-0.000233,-0.000233,9.810013,0.010000
0.999556,0.999556,4.036815,-0.000034,-0.000034,-0.049091,-0.000240,-0.000240,9.810015,0.010000
0.999556,0.999556,4.036815,-0.000037,-0.000037,-0.049091,-0.000248,-0.000248,9.810016,0.010000
0.999556,0.999556,4.036814,-0.000039,-0.000039,-0.049091,-0.000255,-0.000255,9.810018,0.010000
0.999555,0.999555,4.036814,-0.000042,-0.000042,-0.049090,-0.000261,-0.000261,9.810019,0.010000
0.999555,0.999555,4.036813,-0.000044,-0.000044,-0.049090,-0.000267,-0.000267,9.810019,0.010000
0.999554,0.999554,4.036813,-0.000047,-0.000047,-0.049090,-0.000272,-0.000272,9.810021,0.010000
0.999554,0.999554,4.036812,-0.000050,-0.000050,-0.049090,-0.000277,-0.000277,9.810022,0.010000
0.999553,0.999553,4.036812,-0.000053,-0.000053,-0.049090,-0.000281,-0.000281,9.810024,0.010000
0.999553,0.999553,4.036811,-0.000056,-0.000056,-0.049089,-0.000284,-0.000284,9.810025,0.010000
0.999552,0.999552,4.036811,-0.000058,-0.000058,-0.049089,-0.000287,-0.000287,9.810027,0.010000
0.999551,0.999551,4.036810,-0.000059,-0.000059,-0.049089,-0.000093,-0.000093,9.810028,0.010000
0.999551,0.999551,4.036810,-0.000058,-0.000058,-0.049089,0.000090,0.000090,9.810030,0.010000
0.999550,0.999550,4.036809,-0.000056,-0.000056,-0.049088,0.000264,0.000264,9.810030,0.010000
0.999550,0.999550,4.036809,-0.000052,-0.000052,-0.049088,0.000428,0.000428,9.810032,0.010000
0.999549,0.999549,4.036808,-0.000046,-0.000046,-0.049088,0.000582,0.000582,9.810033,0.010000
0.999549,0.999549,4.036808,-0.000038,-0.000038,-0.049087,0.000728,0.000728,9.810032,0.010000
0.999549,0.999549,4.036808,-0.000032,-0.000032,-0.049087,0.000670,0.000670,9.810034,0.010000
0.999548,0.999548,4.036807,-0.000026,-0.000026,-0.049087,0.000614,0.000614,9.810035,0.010000
0.999548,0.999548,4.036807,-0.000020,-0.000020,-0.049086,0.000562,0.000562,9.810035,0.010000
0.999548,0.999548,4.036806,-0.000015,-0.000015,-0.049086,0.000513,0.000513,9.810036,0.010000
0.999548,0.999548,4.036806,-0.000010,-0.000010,-0.049086,0.000467,0.000467,9.810038,0.010000
0.999548,0.999548,4.036805,-0.000006,-0.000006,-0.049085,0.000423,0.000423,9.810038,0.010000
0.999548,0.999548,4.036805,-0.000002,-0.000002,-0.049085,0.000382,0.000382,9.810039,0.010000
0.999548,0.999548,4.036804,0.000001,0.000001,-0.049084,0.000344,0.000344,9.810039,0.010000
0.999548,0.999548,4.036804,0.000004,0.000004,-0.049084,0.000308,0.000308,9.810040,0.010000
0.999548,0.999548,4.036803,0.000007,0.000007,-0.049084,0.000274,0.000274,9.810041,0.010000
0.999548,0.999548,4.036803,0.000010,0.000010,-0.049083,0.000243,0.000243,9.810041,0.010000
0.999548,0.999548,4.036802,0.000012,0.000012,-0.049083,0.000213,0.000213,9.810042,0.010000
0.999549,0.999549,4.036802,0.000014,0.000014,-0.049082,0.000186,0.000186,9.810042,0.010000
0.999549,0.999549,4.036801,0.000015,0.000015,-0.049082,0.000160,0.000160,9.810043,0.010000
0.999549,0.999549,4.036801,0.000016,0.000016,-0.049082,0.000136,0.000136,9.810043,0.010000
0.999549,0.999549,4.036800,0.000018,0.000018,-0.049081,0.000114,0.000114,9.810044,0.010000
0.999549,0.999549,4.036800,0.000019,0.000019,-0.049081,0.000093,0.000093,9.810045,0.010000
0.999549,0.999549,4.036799,0.000019,0.000019,-0.049080,0.000074,0.000074,9.810046,0.010000
0.999550,0.999550,4.036799,0.000020,0.000020,-0.049080,0.000056,0.000056,9.810047,0.010000
0.999550,0.999550,4.036798,0.000020,0.000020,-0.049079,0.000039,0.000039,9.810047,0.010000
0.999550,0.999550,4.036798,0.000020,0.000020,-0.049079,0.000024,0.000024,9.810048,0.010000
0.999550,0.999550,4.036798,0.000021,0.000021,-0.049078,0.000010,0.000010,9.810048,0.010000
0.999550,0.999550,4.036797,0.000021,0.000021,-0.049078,-0.000003,-0.000003,9.810049,0.010000
0.999551,0.999551,4.036797,0.000020,0.000020,-0.049077,-0.000017,-0.000017,9.810049,0.010000
0.999551,0.999551,4.036796,0.000020,0.000020,-0.049077,-0.000030,-0.000030,9.810050,0.010000
0.999551,0.999551,4.036796,0.000020,0.000020,-0.049076,-0.000042,-0.000042,9.810050,0.010000
0.999551,0.999551,4.036795,0.000019,0.000019,-0.049076,-0.000055,-0.000055,9.810050,0.010000
0.999551,0.999551,4.036795,0.000018,0.000018,-0.049075,-0.000068,-0.000068,9.810050,0.010000
0.999551,0.999551,4.036794,0.000018,0.000018,-0.049075,-0.000081,-0.000081,9.810051,0.010000
0.999552,0.999552,4.036794,0.000017,0.000017,-0.049074,-0.000093,-0.000093,9.810051,0.010000
0.999552,0.999552,4.036794,0.000016,0.000016,-0.049074,-0.000105,-0.000105,9.810051,0.010000
0.999552,0.999552,4.036794,0.000014,0.000014,-0.049073,-0.000117,-0.000117,9.810050,0.010000
0.999552,0.999552,4.036794,0.000013,0.000013,-0.049073,-0.000129,-0.000129,9.810048,0.010000
0.999552,0.999552,4.036794,0.000012,0.000012,-0.049072,-0.000141,-0.000141,9.810047,0.010000
0.999552,0.999552,4.036794,0.000010,0.000010,-0.049072,-0.000152,-0.000152,9.810045,0.010000
0.999552,0.999552,4.036794,0.000009,0.000009,-0.049071,-0.000163,-0.000163,9.810044,0.010000
0.999552,0.999552,4.036794,0.000007,0.000007,-0.049071,-0.000174,-0.000174,9.810042,0.010000
0.999552,0.999552,4.036794,0.000005,0.000005,-0.049071,-0.000184,-0.000184,9.810041,0.010000
0.999552,0.999552,4.036794,0.000003,0.000003,-0.049070,-0.000194,-0.000194,9.810041,0.010000
0.999552,0.999552,4.036794,0.000001,0.000001,-0.049070,-0.000203,-0.000203,9.810040,0.010000
0.999552,0.999552,4.036794,-0.000001,-0.000001,-0.049069,-0.000213,-0.000213,9.810039,0.010000
0.999552,0.999552,4.036794,-0.000003,-0.000003,-0.049069,-0.000221,-0.000221,9.810037,0.010000
0.999552,0.999552,4.036794,-0.000006,-0.000006,-0.049069,-0.000230,-0.000230,9.810036,0.010000
0.999552,0.999552,4.036794,-0.000008,-0.000008,-0.049068,-0.000237,-0.000237,9.810036,0.010000
0.999552,0.999552,4.036794,-0.000010,-0.000010,-0.049068,-0.000245,-0.000245,9.810034,0.010000
0.999552,0.999552,4.036794,-0.000013,-0.000013,-0.049068,-0.000252,-0.000252,9.810033,0.010000
0.999552,0.999552,4.036794,-0.000015,-0.000015,-0.049067,-0.000258,-0.000258,9.810033,0.010000
0.999552,0.999552,4.036794,-0.000018,-0.000018,-0.049067,-0.000264,-0.000264,9.810031,0.010000
0.999551,0.999551,4.036794,-0.000021,-0.000021,-0.049067,-0.000269,-0.000269,9.810030,0.010000
0.999551,0.999551,4.036794,-0.000024,-0.000024,-0.049067,-0.000274,-0.000274,9.810030,0.010000
0.999551,0.999551,4.036794,-0.000026,-0.000026,-0.049066,-0.000278,-0.000278,9.810028,0.010000
0.999551,0.999551,4.036794,-0.000029,-0.000029,-0.049066,-0.000282,-0.000282,9.810027,0.010000
0.999550,0.999550,4.036794,-0.000032,-0.000032,-0.049066,-0.000285,-0.000285,9.810027,0.010000
0.999550,0.999550,4.036794,-0.000035,-0.000035,-0.049065,-0.000287,-0.000287,9.810025,0.010000
0.999549,0.999549,4.036794,-0.000038,-0.000038,-0.049065,-0.000289,-0.000289,9.810025,0.010000
0.999549,0.999549,4.036794,-0.000041,-0.000041,-0.049065,-0.000291,-0.000291,9.810024,0.010000
0.999548,0.999548,4.036794,-0.000044,-0.000044,-0.049065,-0.000291,-0.000291,9.810024,0.010000
0.999548,0.999548,4.036794,-0.000047,-0.000047,-0.049065,-0.000292,-0.000292,9.810022,0.010000
0.999547,0.999547,4.036794,-0.000049,-0.000049,-0.049064,-0.000291,-0.000291,9.810022,0.010000
0.999547,0.999547,4.036794,-0.000052,-0.000052,-0.049064,-0.000290,-0.000290,9.810022,0.010000
0.999546,0.999546,4.036794,-0.000053,-0.000053,-0.049064,-0.000092,-0.000092,9.810022,0.010000
0.999546,0.999546,4.036794,-0.000052,-0.000052,-0.049064,0.000095,0.000095,9.810020,0.010000
0.999545,0.999545,4.036794,-0.000050,-0.000050,-0.049063,0.000271,0.000271,9.810020,0.010000
0.999545,0.999545,4.036794,-0.000045,-0.000045,-0.049063,0.000438,0.000438,9.810020,0.010000
0.999545,0.999545,4.036794,-0.000039,-0.000039,-0.049063,0.000595,0.000595,9.810019,0.010000
0.999544,0.999544,4.036794,-0.000032,-0.000032,-0.049063,0.000744,0.000744,9.810019,0.010000
0.999544,0.999544,4.036794,-0.000025,-0.000025,-0.049063,0.000687,0.000687,9.810017,0.010000
0.999544,0.999544,4.036794,-0.000019,-0.000019,-0.049063,0.000634,0.000634,9.810017,0.010000
0.999544,0.999544,4.036794,-0.000013,-0.000013,-0.049062,0.000583,0.000583,9.810017,0.010000
0.999544,0.999544,4.036794,-0.000007,-0.000007,-0.049062,0.000536,0.000536,9.810016,0.010000
0.999544,0.999544,4.036794,-0.000003,-0.000003,-0.049062,0.000491,0.000491,9.810016,0.010000
0.999544,0.999544,4.036794,0.000002,0.000002,-0.049062,0.000448,0.000448,9.810016,0.010000
0.999544,0.999544,4.036794,0.000006,0.000006,-0.049062,0.000409,0.000409,9.810014,0.010000
0.999544,0.999544,4.036794,0.000010,0.000010,-0.049062,0.000371,0.000371,9.810014,0.010000
0.999544,0.999544,4.036794,0.000013,0.000013,-0.049062,0.000336,0.000336,9.810014,0.010000
0.999544,0.999544,4.036794,0.000016,0.000016,-0.049061,0.000303,0.000303,9.810013,0.010000
0.999544,0.999544,4.036794,0.000019,0.000019,-0.049061,0.000272,0.000272,9.810013,0.010000
0.999545,0.999545,4.036794,0.000021,0.000021,-0.049061,0.000243,0.000243,9.810013,0.010000
0.999545,0.999545,4.036794,0.000023,0.000023,-0.049061,0.000216,0.000216,9.810013,0.010000
0.999545,0.999545,4.036794,0.000025,0.000025,-0.049061,0.000191,0.000191,9.810012,0.010000
0.999545,0.999545,4.036794,0.000027,0.000027,-0.049061,0.000167,0.000167,9.810011,0.010000
0.999546,0.999546,4.036794,0.000028,0.000028,-0.049061,0.000144,0.000144,9.810011,0.010000
0.999546,0.999546,4.036794,0.000030,0.000030,-0.049061,0.000124,0.000124,9.810011,0.010000
0.999546,0.999546,4.036794,0.000031,0.000031,-0.049061,0.000104,0.000104,9.810011,0.010000
0.999547,0.999547,4.036794,0.000032,0.000032,-0.049060,0.000086,0.000086,9.810010,0.010000
0.999547,0.999547,4.036794,0.000032,0.000032,-0.049060,0.000070,0.000070,9.810010,0.010000
0.999547,0.999547,4.036794,0.000033,0.000033,-0.049060,0.000054,0.000054,9.810010,0.010000
0.999548,0.999548,4.036794,0.000033,0.000033,-0.049060,0.000040,0.000040,9.810010,0.010000
0.999548,0.999548,4.036794,0.000034,0.000034,-0.049060,0.000026,0.000026,9.810010,0.010000
0.999548,0.999548,4.036794,0.000034,0.000034,-0.049060,0.000013,0.000013,9.810008,0.010000
0.999549,0.999549,4.036794,0.000034,0.000034,-0.049060,-0.000000,-0.000000,9.810008,0.010000
0.999549,0.999549,4.036794,0.000034,0.000034,-0.049060,-0.000014,-0.000014,9.810008,0.010000
0.999549,0.999549,4.036794,0.000033,0.000033,-0.049060,-0.000027,-0.000027,9.810008,0.010000
0.999550,0.999550,4.036794,0.000033,0.000033,-0.049060,-0.000040,-0.000040,9.810008,0.010000
0.999550,0.999550,4.036794,0.000032,0.000032,-0.049060,-0.000054,-0.000054,9.810008,0.010000
0.999550,0.999550,4.036794,0.000032,0.000032,-0.049060,-0.000067,-0.000067,9.810007,0.010000
0.999551,0.999551,4.036794,0.000031,0.000031,-0.049059,-0.000080,-0.000080,9.810007,0.010000
0.999551,0.999551,4.036794,0.000030,0.000030,-0.049059,-0.000093,-0.000093,9.810007,0.010000
0.999551,0.999551,4.036794,0.000029,0.000029,-0.049059,-0.000105,-0.000105,9.810007,0.010000
0.999552,0.999552,4.036794,0.000028,0.000028,-0.049059,-0.000118,-0.000118,9.810007,0.010000
0.999552,0.999552,4.036794,0.000026,0.000026,-0.049059,-0.000130,-0.000130,9.810007,0.010000
0.999552,0.999552,4.036794,0.000025,0.000025,-0.049059,-0.000142,-0.000142,9.810007,0.010000
0.999552,0.999552,4.036794,0.000023,0.000023,-0.049059,-0.000153,-0.000153,9.810005,0.010000
0.999552,0.999552,4.036794,0.000022,0.000022,-0.049059,-0.000165,-0.000165,9.810005,0.010000
0.999553,0.999553,4.036794,0.000020,0.000020,-0.049059,-0.000176,-0.000176,9.810005,0.010000
0.999553,0.999553,4.036794,0.000018,0.000018,-0.049059,-0.000187,-0.000187,9.810005,0.010000
0.999553,0.999553,4.036794,0.000016,0.000016,-0.049059,-0.000197,-0.000197,9.810005,0.010000
0.999553,0.999553,4.036794,0.000014,0.000014,-0.049059,-0.000207,-0.000207,9.810005,0.010000
0.999553,0.999553,4.036794,0.000012,0.000012,-0.049059,-0.000216,-0.000216,9.810005,0.010000
0.999553,0.999553,4.036794,0.000010,0.000010,-0.049059,-0.000225,-0.000225,9.810005,0.010000
0.999553,0.999553,4.036794,0.000007,0.000007,-0.049059,-0.000234,-0.000234,9.810005,0.010000
0.999553,0.999553,4.036794,0.000005,0.000005,-0.049059,-0.000242,-0.000242,9.810004,0.010000
0.999553,0.999553,4.036794,0.000002,0.000002,-0.049059,-0.000250,-0.000250,9.810004,0.010000
0.999553,0.999553,4.036794,-0.000000,-0.000000,-0.049059,-0.000257,-0.000257,9.810004,0.010000
0.999553,0.999553,4.036794,-0.000003,-0.000003,-0.049059,-0.000264,-0.000264,9.810004,0.010000
0.999553,0.999553,4.036794,-0.000005,-0.000005,-0.049058,-0.000270,-0.000270,9.810004,0.010000
0.999553,0.999553,4.036794,-0.000008,-0.000008,-0.049058,-0.000275,-0.000275,9.810004,0.010000
0.999553,0.999553,4.036794,-0.000011,-0.000011,-0.049058,-0.000280,-0.000280,9.810004,0.010000
0.999553,0.999553,4.036794,-0.000014,-0.000014,-0.049058,-0.000285,-0.000285,9.810004,0.010000
0.999553,0.999553,4.036794,-0.000017,-0.000017,-0.049058,-0.000289,-0.000289,9.810004,0.010000
0.999552,0.999552,4.036794,-0.000020,-0.000020,-0.049058,-0.000292,-0.000292,9.810004,0.010000
0.999552,0.999552,4.036794,-0.000023,-0.000023,-0.049058,-0.000295,-0.000295,9.810004,0.010000
0.999552,0.999552,4.036794,-0.000026,-0.000026,-0.049058,-0.000297,-0.000297,9.810004,0.010000
0.999552,0.999552,4.036794,-0.000029,-0.000029,-0.049058,-0.000298,-0.000298,9.810004,0.010000
0.999551,0.999551,4.036794,-0.000032,-0.000032,-0.049058,-0.000299,-0.000299,9.810003,0.010000
0.999551,0.999551,4.036794,-0.000035,-0.000035,-0.049058,-0.000300,-0.000300,9.810003,0.010000
0.999551,0.999551,4.036794,-0.000038,-0.000038,-0.049058,-0.000299,-0.000299,9.810002,0.010000
0.999550,0.999550,4.036794,-0.000041,-0.000041,-0.049058,-0.000299,-0.000299,9.810002,0.010000
0.999550,0.999550,4.036794,-0.000043,-0.000043,-0.049058,-0.000297,-0.000297,9.810002,0.010000
0.999549,0.999549,4.036794,-0.000046,-0.000046,-0.049058,-0.000295,-0.000295,9.810002,0.010000
0.999549,0.999549,4.036794,-0.000049,-0.000049,-0.049058,-0.000293,-0.000293,9.810002,0.010000
0.999548,0.999548,4.036794,-0.000052,-0.000052,-0.049058,-0.000289,-0.000289,9.810003,0.010000
0.999548,0.999548,4.036794,-0.000053,-0.000053,-0.049058,-0.000089,-0.000089,9.810003,0.010000
0.999547,0.999547,4.036794,-0.000052,-0.000052,-0.049058,0.000099,0.000099,9.810003,0.010000
0.999547,0.999547,4.036794,-0.000049,-0.000049,-0.049058,0.000278,0.000278,9.810003,0.010000
0.999546,0.999546,4.036794,-0.000045,-0.000045,-0.049058,0.000446,0.000446,9.810003,0.010000
0.999546,0.999546,4.036794,-0.000039,-0.000039,-0.049058,0.000605,0.000605,9.810002,0.010000
0.999545,0.999545,4.036794,-0.000033,-0.000033,-0.049058,0.000558,0.000558,9.810002,0.010000
0.999545,0.999545,4.036794,-0.000028,-0.000028,-0.049058,0.000514,0.000514,9.810002,0.010000
0.999545,0.999545,4.036794,-0.000023,-0.000023,-0.049058,0.000472,0.000472,9.810002,0.010000
0.999545,0.999545,4.036794,-0.000019,-0.000019,-0.049058,0.000433,0.000433,9.810002,0.010000
0.999545,0.999545,4.036794,-0.000015,-0.000015,-0.049058,0.000396,0.000396,9.810002,0.010000
0.999545,0.999545,4.036794,-0.000012,-0.000012,-0.049058,0.000361,0.000361,9.810002,0.010000
0.999545,0.999545,4.036794,-0.000008,-0.000008,-0.049058,0.000329,0.000329,9.810002,0.010000
0.999544,0.999544,4.036794,-0.000005,-0.000005,-0.049058,0.000298,0.000298,9.810002,0.010000
0.999544,0.999544,4.036794,-0.000003,-0.000003,-0.049058,0.000269,0.000269,9.810001,0.010000
0.999544,0.999544,4.036794,-0.000000,-0.000000,-0.049058,0.000242,0.000242,9.810001,0.010000
0.999545,0.999545,4.036794,0.000002,0.000002,-0.049058,0.000216,0.000216,9.810001,0.010000
0.999545,0.999545,4.036794,0.000004,0.000004,-0.049058,0.000193,0.000193,9.810001,0.010000
0.999545,0.999545,4.036794,0.000006,0.000006,-0.049058,0.000170,0.000170,9.810001,0.010000
0.999545,0.999545,4.036794,0.000007,0.000007,-0.049058,0.000149,0.000149,9.810001,0.010000
0.999545,0.999545,4.036794,0.000008,0.000008,-0.049058,0.000130,0.000130,9.810001,0.010000
0.999545,0.999545,4.036794,0.000010,0.000010,-0.049058,0.000112,0.000112,9.810001,0.010000
0.999545,0.999545,4.036794,0.000011,0.000011,-0.049058,0.000095,0.000095,9.810001,0.010000
0.999545,0.999545,4.036794,0.000011,0.000011,-0.049058,0.000079,0.000079,9.810001,0.010000
0.999545,0.999545,4.036794,0.000012,0.000012,-0.049058,0.000064,0.000064,9.810001,0.010000
0.999545,0.999545,4.036794,0.000012,0.000012,-0.049058,0.000051,0.000051,9.810001,0.010000
0.999546,0.999546,4.036794,0.000013,0.000013,-0.049058,0.000037,0.000037,9.810001,0.010000
0.999546,0.999546,4.036794,0.000013,0.000013,-0.049058,0.000023,0.000023,9.810001,0.010000
0.999546,0.999546,4.036794,0.000013,0.000013,-0.049058,0.000009,0.000009,9.810001,0.010000
0.999546,0.999546,4.036794,0.000013,0.000013,-0.049058,-0.000005,-0.000005,9.810001,0.010000
0.999546,0.999546,4.036794,0.000013,0.000013,-0.049058,-0.000019,-0.000019,9.810001,0.010000
0.999546,0.999546,4.036794,0.000013,0.000013,-0.049058,-0.000032,-0.000032,9.810001,0.010000
0.999546,0.999546,4.036794,0.000012,0.000012,-0.049057,-0.000046,-0.000046,9.810001,0.010000
0.999546,0.999546,4.036794,0.000012,0.000012,-0.049057,-0.000060,-0.000060,9.810001,0.010000
0.999546,0.999546,4.036794,0.000011,0.000011,-0.049057,-0.000073,-0.000073,9.810001,0.010000
0.999547,0.999547,4.036794,0.000010,0.000010,-0.049057,-0.000087,-0.000087,9.810001,0.010000
0.999547,0.999547,4.036794,0.000009,0.000009,-0.049057,-0.000100,-0.000100,9.810001,0.010000
0.999547,0.999547,4.036794,0.000008,0.000008,-0.049057,-0.000113,-0.000113,9.810001,0.010000
